slug,prompt,intermediate_concept,correct_answer,hop_type,notes
marawi-grape-s3-11-ctx,"In the 2010s, researchers at Ariel University undertook field work to locate ancient indigenous grape varieties mentioned in historical sources, including the Marawi grape, which had survived as a table grape. In 2014, two wineries released wines made from this grape: Recanati",N/A,winery,next-token prediction,wikipedia article: Marawi (grape) | top1_prob: 0.400
shyambazar-s32-14-ctx,"For many years tram cars were the only form of mass transport in Kolkata. Although the first motor car appeared in Kolkata in 1896, motor bus services started",N/A,only,next-token prediction,wikipedia article: Shyambazar | top1_prob: 0.400
dynasties-of-china-s20-9-ctx,"Similarly, the state of Qin that existed during the Zhou dynasty before its wars of unification and the establishment of the Qin dynasty in 221 BC is also referred to as the Predynastic Qin or Proto-Qin. The rise and fall of dynasties is a prominent",N/A,feature,next-token prediction,wikipedia article: Dynasties of China | top1_prob: 0.400
ancient-olympic-games-s26-13-ctx,"Greek historian Pausanias provides a story about the dactyl Heracles (not to be confused with the Heracles who was the son of Zeus and joined the Roman pantheon) and four of his brothers, Aeonius, Epimedes, Iasius and Idas, who raced at Olympia to entertain the newborn Zeus. He crowned the victor with an olive wreath (which thus became a peace",N/A,symbol,next-token prediction,wikipedia article: Ancient Olympic Games | top1_prob: 0.401
principal-photography-s2-14-ctx,"Besides the main film personnel, such as the actors, director, cinematographer(s) or sound engineer(s) and their respective assistants (assistant director, camera assistant, boom operator), the unit production manager plays a decisive role in principal photography. They are responsible for the daily implementation of the shoot, managing the daily call",N/A,sheet,next-token prediction,wikipedia article: Principal photography | top1_prob: 0.401
dk-metcalf-s3-8-ctx,"After six seasons with the Seahawks, Metcalf was traded to the Steelers in 2025. He has one All-Pro selection and has been",N/A,named,next-token prediction,wikipedia article: DK Metcalf | top1_prob: 0.399
desert-s43-13-ctx,"Deserts, both hot and cold, play a part in moderating Earth's temperature, because they reflect more of the incoming light and their albedo is higher than that of forests or the sea. A desert is a region of land that is very dry because it",N/A,receives,next-token prediction,wikipedia article: Desert | top1_prob: 0.398
henry-grinnell-s10-9-ctx,"A few years later, with the addition of Henry's brother-in-law, Robert Bowne Minturn, the firm became Grinnell, Minturn & Company, whose operations were greatly expanded by its entry into the general shipping business. The company became one of the strongest and best",N/A,known,next-token prediction,wikipedia article: Henry Grinnell | top1_prob: 0.402
glossary-of-computer-science-s44-14-ctx,"Some artifacts (e.g. use cases, class diagrams, and other Unified Modeling Language (UML) models, requirements, and design",N/A,documents,next-token prediction,wikipedia article: Glossary of computer science | top1_prob: 0.402
you-talkin-to-me-film-s20-11-ctx,"The film premiered at the Montreal World Film Festival and the Deauville American Film Festival, where it received favorable notices. MGM/UA planned a national theatrical release, but canceled it following negative",N/A,reviews,next-token prediction,wikipedia article: You Talkin' to Me? (film) | top1_prob: 0.403
2007-chicago-shamrox-season-s5-14-ctx,"The Toronto Rock and Philadelphia Wings also had 6-10 records, but the Rock won the tiebreakers and made the playoffs while the Shamrox and Wings were eliminated. Reference: x: Clinched playoff berth; c: Clinched playoff berth by crossing over to another",N/A,division,next-token prediction,wikipedia article: 2007 Chicago Shamrox season | top1_prob: 0.397
territorial-evolution-of-the-british-empire-s11-8-ctx,No uniform system of government was applied to any of these. Several countries (dominions) within the British Empire gained,N/A,independence,next-token prediction,wikipedia article: Territorial evolution of the British Empire | top1_prob: 0.404
national-museum-of-egyptian-civilization-s21-14-ctx,"The ticket prices for foreigners: 550 EGP (11$) for Adults, 300 EGP (6$) for Students. In late 2017, Zahi Hawass reported that Francis Ricciardone, the president of the American",N/A,university,next-token prediction,wikipedia article: National Museum of Egyptian Civilization | top1_prob: 0.404
human-skin-color-s43-11-ctx,"As hominids gradually lost their fur between 1.2 and 4 million years ago, to allow for better cooling through sweating, their naked skin was exposed to sunlight. In the tropics, natural selection favoured dark-skinned human populations as high",N/A,levels,next-token prediction,wikipedia article: Human skin color | top1_prob: 0.396
fault-geology-s24-10-ctx,The hanging wall occurs above the fault plane and the footwall occurs below it. This terminology comes from mining: when working a tabular ore,N/A,body,next-token prediction,wikipedia article: Fault (geology) | top1_prob: 0.404
lotus-motor-vessel-s25-13-ctx,"Newell moved the yacht to a marina in Olympia, where the yacht remained. In 1981, Gruye bought the yacht back from Newell, and began an extensive",N/A,restoration,next-token prediction,wikipedia article: Lotus (motor vessel) | top1_prob: 0.405
classical-music-s19-9-ctx,"Many composers actively avoided past techniques and genres in the lens of modernism, with some abandoning tonality in place of serialism, while others found new inspiration in folk melodies or impressionist sentiments. After World War II, for the first time audience",N/A,members,next-token prediction,wikipedia article: Classical music | top1_prob: 0.395
psychology-s14-14-ctx,"Some, but not all, clinical and counseling psychologists rely on symbolic interpretation. While psychological knowledge is often applied to the assessment and treatment of mental health",N/A,problems,next-token prediction,wikipedia article: Psychology | top1_prob: 0.405
list-of-geological-features-on-charon-s9-9-ctx,"On 11 April 2018, the IAU announced that several of the feature names had been officially recognized. As of December 2025, this list contains 55 geological",N/A,features,next-token prediction,wikipedia article: List of geological features on Charon | top1_prob: 0.406
joran-the-princess-of-snow-and-blood-s2-14-ctx,"Based on the 1973 film Lady Snowblood, itself an adaptation of the manga series of the same name by Kazuo Koike and Kazuo Kamimura, the series aired from April to June 2021. Joran is set in an alternate historical Japan, the 64th year of the Meiji",N/A,era,next-token prediction,wikipedia article: Joran: The Princess of Snow and Blood | top1_prob: 0.406
rural-municipality-of-mount-pleasant-no-2-s10-12-ctx,"Localities Elmore In the 2021 Census of Population conducted by Statistics Canada, the RM of Mount Pleasant No. 2 had a population of 419 living in 152 of its 182",N/A,total,next-token prediction,wikipedia article: Rural Municipality of Mount Pleasant No. 2 | top1_prob: 0.394
behavioural-genetics-s18-12-ctx,"In 1869, 10 years after Darwin's On the Origin of Species, Galton published his results in Hereditary Genius. In this work, Galton found that the rate of ""eminence"" was highest",N/A,among,next-token prediction,wikipedia article: Behavioural genetics | top1_prob: 0.406
island-s15-9-ctx,"Islands became the target of colonization by Europeans, resulting in the majority of islands in the Pacific being put under European control. Decolonization has resulted in some but not all island",N/A,nations,next-token prediction,wikipedia article: Island | top1_prob: 0.406
comparison-of-top-chess-players-throughout-history-s2-9-ctx,"There is agreement on a statistical system to rate the strengths of current players, called the Elo system, but disagreement about methods used to compare players from different generations who never competed against each other. This is because the Elo system can only compare",N/A,players,next-token prediction,wikipedia article: Comparison of top chess players throughout history | top1_prob: 0.394
johnsville-meetinghouse-s1-12-ctx,"Johnsville Meetinghouse, also known as Johnsville Old German Baptist Meetinghouse, is a historic Old German Baptist Brethren meeting house located near Catawba, Roanoke County, Virginia. It was built in 1874, and is a simple, one story, one",N/A,room,next-token prediction,wikipedia article: Johnsville Meetinghouse | top1_prob: 0.394
chulayarnnon-siriphol-s12-10-ctx,"However, it faced censorship and prohibition due to its perceived infringement of Thailand's social norms under Article 29 of the country's Film and Video Act of 2008. ""Birth of Golden Snail"" incorporates both experimental and early silent",N/A,film,next-token prediction,wikipedia article: Chulayarnnon Siriphol | top1_prob: 0.392
human-genetics-s4-15-ctx,"Study of human genetics can answer questions about human nature, can help understand diseases and the development of effective treatment and help us to understand the genetics of human life. This article describes only basic features of human genetics; for the genetics of disorders please",N/A,see,next-token prediction,wikipedia article: Human genetics | top1_prob: 0.409
ancient-greek-philosophy-s15-14-ctx,"The convention of terming those philosophers who were active prior to the death of Socrates as the pre-Socratics gained currency with the 1903 publication of Hermann Diels' Fragmente der Vorsokratiker, although the term did not originate with him. The term is considered useful because what came to be known as the ""Athenian",N/A,school,next-token prediction,wikipedia article: Ancient Greek philosophy | top1_prob: 0.391
on-photography-s34-9-ctx,Includes endnotes. Earlier versions of these essays appeared in The New,N/A,york,next-token prediction,wikipedia article: On Photography | top1_prob: 0.391
history-of-artificial-intelligence-s33-15-ctx,"Stories of these creatures and their fates consider many of the same hopes, fears and ethical concerns that are presented by modern artificial intelligence. Issues relevant to AI were also discussed in speculative essays such as Samuel Butler's ""Darwin",N/A,among,next-token prediction,wikipedia article: History of artificial intelligence | top1_prob: 0.409
set-theory-music-s8-12-ctx,"For example, musicians use the terms transposition and inversion where mathematicians would use translation and reflection. Furthermore, where musical set theory refers to ordered sets, mathematics would normally",N/A,refer,next-token prediction,wikipedia article: Set theory (music) | top1_prob: 0.391
geologic-time-scale-s20-8-ctx,The principle of cross-cutting relationships that states a rock that cuts across another rock must be younger than the rock it cuts across. The law of included fragments that states small,N/A,fragments,next-token prediction,wikipedia article: Geologic time scale | top1_prob: 0.391
lgbtq-literature-s3-12-ctx,There are LGBTQ literary awards to recognize works in this tradition. LGBTQ literature may refer to: Works by LGBTQ authors Works centering LGBTQ,N/A,characters,next-token prediction,wikipedia article: LGBTQ literature | top1_prob: 0.391
probosutedjo-s21-11-ctx,Probosutedjo died on 26 March 2018 at the Cipto Mangunkusumo Hospital in Jakarta. Later the same day his body was taken to his home,N/A,village,next-token prediction,wikipedia article: Probosutedjo | top1_prob: 0.410
old-st-mary-s-cemetery-wrought-iron-cross-site-s5-15-ctx,"The National Register database listing for this site does not identify any specific blacksmith whose work is present here. However, there were a number of ""German-Russian blacksmiths in central North Dakota"" who developed individual",N/A,styles,next-token prediction,"wikipedia article: Old St. Mary's Cemetery, Wrought-Iron Cross Site | top1_prob: 0.390"
jason-project-s7-8-ctx,The JASON Foundation for Education was founded in 1990 as a 501(c)(3) non-profit organization to administer the project. The Foundation became a subsidiary of the National,N/A,geographic,next-token prediction,wikipedia article: JASON Project | top1_prob: 0.390
woh-saat-din-s12-8-ctx,"When Maya gains consciousness, she confides in Dr. Anand, saying she did not want to get",N/A,married,next-token prediction,wikipedia article: Woh Saat Din | top1_prob: 0.389
morphology-biology-s20-12-ctx,"In addition, there can be morphological differences within a species, such as in Apoica flavissima where queens are significantly smaller than workers. A further problem with relying on morphological data is that what may",N/A,appear,next-token prediction,wikipedia article: Morphology (biology) | top1_prob: 0.411
religion-in-ancient-rome-s25-14-ctx,"The augurs read the will of the gods and supervised the marking of boundaries as a reflection of universal order, thus sanctioning Roman expansionism and foreign wars as a matter of divine destiny. The Roman triumph was at its core a religious procession in which the victorious",N/A,general,next-token prediction,wikipedia article: Religion in ancient Rome | top1_prob: 0.411
contemporary-classical-music-s6-12-ctx,"In the post-war era, modernist composers sought to achieve greater levels of control in their composition process (e.g., through the use of the twelve-tone technique and later total serialism). At the same time, conversely, composers also experimented with means of abdicating",N/A,control,next-token prediction,wikipedia article: Contemporary classical music | top1_prob: 0.388
history-of-sport-s33-8-ctx,"These games took place every four years, or Olympiad, which became a unit of time in historical chronologies. Initially a single sprinting event, the Olympics gradually",N/A,expanded,next-token prediction,wikipedia article: History of sport | top1_prob: 0.412
sennan-fielding-s10-15-ctx,"Fielding made his British GT debut driving for Steller Performance in an ageing Toyota GT86 GT4 with Tom Canning and Richard Williams, finishing in the points on three occasions and ending the season in 18th with 26 points. In 2019, Fielding drove for Steller Performance for a second year in the British GT",N/A,championship,next-token prediction,wikipedia article: Sennan Fielding | top1_prob: 0.413
richy-ahmed-s5-12-ctx,"His music releases include ""The Drums"", which was named Pete Tong's Essential New Tune and more recently Sneaky Acid EP for Hot Creations' 50th release. Ahmed has joined the roster of artists taking part in the BBC",N/A,radio,next-token prediction,wikipedia article: Richy Ahmed | top1_prob: 0.387
mcquiggin-v-perkins-s45-10-ctx,"Perkins, 569 U.S. 383 (2013) is available from: Cornell CourtListener Google Scholar Internet",N/A,archive,next-token prediction,wikipedia article: McQuiggin v. Perkins | top1_prob: 0.413
thingiverse-s11-8-ctx,"Thingiverse received an Honorable Mention in the Digital Communities category of the 2010 ARS Electronica, Prix Ars Electronica international competition for cyber-arts. As of November 2012, 25,000 designs had been",N/A,uploaded,next-token prediction,wikipedia article: Thingiverse | top1_prob: 0.387
you-talkin-to-me-film-s13-15-ctx,"As Bronson's involvement deepens, he films racist public service announcements despite his friendship with Thatcher. When Archer discovers Thatcher's milk billboard, he sends neo-Nazi associates to assault Thatcher, pouring white",N/A,paint,next-token prediction,wikipedia article: You Talkin' to Me? (film) | top1_prob: 0.387
joran-the-princess-of-snow-and-blood-s35-11-ctx,"On February 9, 2021, the anime original television series was announced in a press conference by Bushiroad. The series was animated by Tatsunoko Production (under their Bakken Record",N/A,label,next-token prediction,wikipedia article: Joran: The Princess of Snow and Blood | top1_prob: 0.386
photovoltaic-system-s1-9-ctx,"A photovoltaic system, also called a PV system or solar power system, is an electric power system designed to supply usable solar power by means of photovoltaics. It consists of an arrangement of several components, including",N/A,solar,next-token prediction,wikipedia article: Photovoltaic system | top1_prob: 0.386
effects-of-climate-change-s48-12-ctx,"The more carbon dioxide (CO2) is emitted in the 21st century the hotter the world will be by 2100. For a doubling of greenhouse gas concentrations, the global mean temperature would",N/A,rise,next-token prediction,wikipedia article: Effects of climate change | top1_prob: 0.386
periods-in-western-art-history-s2-10-ctx,"An art period is a phase in the development of the work of an artist, groups of artists or art movement. Minoan art Aegean art Ancient Greek art Roman art Early",N/A,christian,next-token prediction,wikipedia article: Periods in Western art history | top1_prob: 0.386
garbage-collection-computer-science-s32-13-ctx,"The overall strategy consists of determining which objects should be garbage collected by tracing which objects are reachable by a chain of references from certain root objects, and considering the rest as garbage and collecting them. However, there are a large number of algorithms used in implementation, with widely",N/A,varying,next-token prediction,wikipedia article: Garbage collection (computer science) | top1_prob: 0.414
territorial-evolution-of-the-british-empire-s15-11-ctx,"Many of the former territories of the British Empire are members of the Commonwealth of Nations. Fourteen of these (known, with the United Kingdom, as the 15",N/A,commonwealth,next-token prediction,wikipedia article: Territorial evolution of the British Empire | top1_prob: 0.414
western-roman-empire-s5-12-ctx,"Although there were periods with more than one emperor ruling jointly before, the view that it was impossible for a single emperor to govern the entire Empire was institutionalized by emperor Diocletian following the disastrous civil wars and disintegrations of the Crisis of the Third Century. In 286 he introduced the system of the Tetrarchy, with two senior",N/A,emperors,next-token prediction,wikipedia article: Western Roman Empire | top1_prob: 0.415
spacex-s16-11-ctx,"Around this time, SpaceX began building test prototypes for SpaceX Starship, the largest launch vehicle in history. SpaceX plans to adapt it as a human lander for lunar",N/A,missions,next-token prediction,wikipedia article: SpaceX | top1_prob: 0.385
2008-box-office-entertainment-awards-s3-8-ctx,"The winners are chosen from the Top 10 Philippine films of 2007, top-rating shows in Philippine television, top recording awards received by singers, and top gross receipts of concerts and performances. On May 13, 2008 at RCBC Plaza, Ayala",N/A,avenue,next-token prediction,wikipedia article: 2008 Box Office Entertainment Awards | top1_prob: 0.415
daniel-hoffman-s26-10-ctx,"From 1965 the couple spent summers in Brooksville, Maine. In 2008 Orchises Press brought out a selection of McFarland's",N/A,poems,next-token prediction,wikipedia article: Daniel Hoffman | top1_prob: 0.385
medieval-philosophy-s12-12-ctx,"With the possible exceptions of Avicenna and Averroes, medieval thinkers did not consider themselves philosophers at all: for them, the philosophers were the ancient pagan writers such as Plato and Aristotle. However, their theology used the methods and logical techniques of the ancient",N/A,philosophers,next-token prediction,wikipedia article: Medieval philosophy | top1_prob: 0.415
2019-uefa-european-under-21-championship-qualification-group-6-s5-13-ctx,"Times are CET/CEST, as listed by UEFA (local times, if different, are in parentheses). There were 84 goals scored in 30 matches, for an average of 2.8",N/A,goals,next-token prediction,wikipedia article: 2019 UEFA European Under-21 Championship qualification Group 6 | top1_prob: 0.415
the-world-of-david-the-gnome-s31-11-ctx,"King (voiced by Eduardo Moreno in the original Spanish version, Richard Dumont in the English dub) Paul (voiced by Walter Massey in the English dub) is David's twin brother, who has a normal moustache in contrast to David's handlebar moustache. He also wears differently colored clothing, as he wears a dark",N/A,blue,next-token prediction,wikipedia article: The World of David the Gnome | top1_prob: 0.416
comparison-of-top-chess-players-throughout-history-s32-10-ctx,"CAPS (Computer Aggregated Precision Score) is a system created by Chess.com that compares players from different eras by finding the percentage of moves that matches that of a chess engine. In this system, Magnus Carlsen scored the highest among world",N/A,champions,next-token prediction,wikipedia article: Comparison of top chess players throughout history | top1_prob: 0.416
taxonomy-biology-s10-15-ctx,"There is some disagreement as to whether biological nomenclature is considered a part of taxonomy (definitions 1 and 2), or a part of systematics outside taxonomy. For example, definition 6 is paired with the following definition of systematics that places nomenclature",N/A,outside,next-token prediction,wikipedia article: Taxonomy (biology) | top1_prob: 0.383
justin-moore-basketball-s14-12-ctx,"John's. As a freshman, he averaged 11.3 points, 3.1 rebounds and 1.9 assists",N/A,per,next-token prediction,wikipedia article: Justin Moore (basketball) | top1_prob: 0.383
paramontroseite-s10-8-ctx,"The type locality is Bitter Creek Mine, Paradox Valley, Uravan District, Montrose County, Colorado, USA. In the USA it is found in Montrose",N/A,county,next-token prediction,wikipedia article: Paramontroseite | top1_prob: 0.417
harry-verran-s6-12-ctx,Verran won the South West Nova electoral district for the Liberal party in the 1993 federal election during the Liberals large majority government. He was able to win the district as a Liberal in part,N/A,due,next-token prediction,wikipedia article: Harry Verran | top1_prob: 0.417
itlu-sravani-subramanyam-s1-10-ctx,"Itlu Sravani Subramanyam (transl. Regards, Sravani and Subramanyam) is a 2001 Indian Telugu-language romantic",N/A,drama,next-token prediction,wikipedia article: Itlu Sravani Subramanyam | top1_prob: 0.382
age-of-discovery-s33-15-ctx,"The concept of ""discovery"" has been used to enforce colonial claiming and discovery, but has been challenged by Indigenous peoples and researchers. Many indigenous peoples have fundamentally challenged the concept of colonial claiming of ""discovery"" over their",N/A,lands,next-token prediction,wikipedia article: Age of Discovery | top1_prob: 0.382
french-revolution-of-1848-s7-11-ctx,"Upon Louis XVIII's death, his brother, the Count of Artois, ascended to the throne in 1824, as Charles X. Supported by the ultra-royalists, Charles X was an extremely unpopular reactionary",N/A,monarch,next-token prediction,wikipedia article: French Revolution of 1848 | top1_prob: 0.419
introduction-to-quantum-mechanics-s26-11-ctx,"The lowest frequencies above visible colors are infrared light, which also gives off heat. Continuous wave theories of light and matter cannot explain the black-body",N/A,radiation,next-token prediction,wikipedia article: Introduction to quantum mechanics | top1_prob: 0.381
the-great-western-cotton-factory-s18-11-ctx,"In 1968 the building was demolished, leaving only the remnants of the weaving sheds in the Barton Hill Trading Estate on Cotton Mill Lane. Records of the Great Western Cotton Factory are held at Bristol",N/A,archives,next-token prediction,wikipedia article: The Great Western Cotton Factory | top1_prob: 0.380
sydney-opera-house-s31-9-ctx,"Yallamundi Rooms: A function space hosting up to 400 people, often used for weddings or business conferences. Outdoor Forecourt: A flexible open-air venue with a wide",N/A,range,next-token prediction,wikipedia article: Sydney Opera House | top1_prob: 0.420
mackey-feary-s13-8-ctx,"In late 1973, music manager Ed Guy, who worked with Cecilio & Kapono, was looking to put together a band that could capitalize on the new Hawaiian sound. After scouting and auditions Guy felt the most",N/A,promising,next-token prediction,wikipedia article: Mackey Feary | top1_prob: 0.379
theatre-of-ancient-greece-s9-12-ctx,"The Ancient Greeks valued the power of the spoken word, and it was their main method of communication and storytelling. Bahn and Bahn write, ""To Greeks, the spoken word was a living",N/A,thing,next-token prediction,wikipedia article: Theatre of ancient Greece | top1_prob: 0.379
physics-wallah-s27-9-ctx,"The company has refused to comment on the validity of the claims and in a statement to Business Today called the allegations a ""distraction"". In August 2022, Physics Wallah acquired FreeCo, a doubt-solving",N/A,platform,next-token prediction,wikipedia article: Physics Wallah | top1_prob: 0.379
sexuality-in-ancient-rome-s10-8-ctx,"With extremely few exceptions, surviving Latin literature preserves the voices of educated male Romans on sexuality. Visual art was created by those of lower",N/A,social,next-token prediction,wikipedia article: Sexuality in ancient Rome | top1_prob: 0.379
greg-rothman-s10-10-ctx,"Rothman was chair of the Bush-Cheney 2004 re-election campaign in Cumberland County, Pennsylvania. He was a volunteer aide on the Rick Santorum's 2012",N/A,presidential,next-token prediction,wikipedia article: Greg Rothman | top1_prob: 0.378
opera-experiment-s4-12-ctx,"These particles decay to produce muons and neutrinos. The beam from CERN was stopped on 3 December 2012, ending data",N/A,taking,next-token prediction,wikipedia article: OPERA experiment | top1_prob: 0.422
cultural-anthropology-s1-10-ctx,"Cultural anthropology is a branch of anthropology focused on the study of cultural variation among humans. It is in contrast to social anthropology, which perceives cultural",N/A,variation,next-token prediction,wikipedia article: Cultural anthropology | top1_prob: 0.422
mountain-range-s6-14-ctx,"Individual mountains within the same mountain range do not necessarily have the same geologic structure or petrology. They may be a mix of different orogenic expressions and terranes, for example thrust",N/A,sheets,next-token prediction,wikipedia article: Mountain range | top1_prob: 0.378
music-theory-s10-10-ctx,"In ancient and living cultures around the world, the deep and long roots of music theory are visible in instruments, oral traditions, and current music-making. Many cultures have also considered music theory in more formal",N/A,ways,next-token prediction,wikipedia article: Music theory | top1_prob: 0.423
philosophy-of-language-s5-15-ctx,"These writers were followed by Ludwig Wittgenstein (Tractatus Logico-Philosophicus), the Vienna Circle, logical positivists, and Willard Van Orman Quine. In the West, inquiry into language stretches back to the 5th century BC with philosophers",N/A,such,next-token prediction,wikipedia article: Philosophy of language | top1_prob: 0.424
the-voice-russian-tv-series-season-3-s2-14-ctx,"Dmitry Nagiev returned as the show's presenter for his third seasons. Dima Bilan, Pelageya, Alexander Gradsky, and Leonid Agutin returned as the coach's for their",N/A,third,next-token prediction,wikipedia article: The Voice (Russian TV series) season 3 | top1_prob: 0.376
loto-tonga-soka-centre-s7-10-ctx,The original facility was demolished and the land was redeveloped for the construction of the new Loto-Tonga Soka Centre. Plans for a new 700-seat association football stadium to be,N/A,built,next-token prediction,wikipedia article: Loto-Tonga Soka Centre | top1_prob: 0.424
history-of-the-middle-east-s30-13-ctx,"The earliest human migrations out of Africa occurred through the Middle East, namely over the Levantine corridor, with the pre-modern Homo erectus about 1.8 million years BP. One of the potential routes for early human migrations toward southern and eastern",N/A,asia,next-token prediction,wikipedia article: History of the Middle East | top1_prob: 0.424
psychology-s31-15-ctx,"Folk psychology is the understanding of the mental states and behaviors of people held by ordinary people, as contrasted with psychology professionals' understanding. The ancient civilizations of Egypt, Greece, China, India, and Persia all engaged in the philosophical",N/A,study,next-token prediction,wikipedia article: Psychology | top1_prob: 0.425
big-band-s8-10-ctx,"The division in early big bands, from the 1920s to 1930s, was typically two or three trumpets, one or two trombones, three or four saxophones, and a rhythm section of four instruments. In the 1940s, Stan Kenton's band used up to five",N/A,trumpets,next-token prediction,wikipedia article: Big band | top1_prob: 0.375
discrete-mathematics-s3-11-ctx,"By contrast, discrete mathematics excludes topics in ""continuous mathematics"" such as real numbers, calculus or Euclidean geometry. Discrete objects can often be enumerated by integers; more formally, discrete",N/A,mathematics,next-token prediction,wikipedia article: Discrete mathematics | top1_prob: 0.425
cinema-of-india-s1-13-ctx,"The cinema of India, consisting of motion pictures made by the Indian film industry, has had a large effect on world cinema since the second half of the 20th century. Indian cinema is made up of various film industries, each focused on producing",N/A,films,next-token prediction,wikipedia article: Cinema of India | top1_prob: 0.425
introduction-to-quantum-mechanics-s27-15-ctx,"Continuous wave theories of light and matter cannot explain the black-body radiation curve. Planck spread the heat energy among individual ""oscillators"" of an undefined character but with discrete",N/A,energy,next-token prediction,wikipedia article: Introduction to quantum mechanics | top1_prob: 0.425
downtown-rowlett-station-s11-8-ctx,"On March 25, 2011, DART held a groundbreaking for the extension. Testing began in April 2012, and the completed",N/A,extension,next-token prediction,wikipedia article: Downtown Rowlett station | top1_prob: 0.374
garbage-collection-computer-science-s24-12-ctx,A peer-reviewed paper from 2005 concluded that GC needs five times the memory to compensate for this overhead and to perform as fast as the same program using idealized explicit memory management. The comparison however is made to a program generated by inserting deallocation,N/A,calls,next-token prediction,wikipedia article: Garbage collection (computer science) | top1_prob: 0.426
opera-s1-9-ctx,"Opera is a form of Western theatre in which music is a fundamental component and dramatic roles are taken by singers. Such a ""work"" (the literal translation of the Italian",N/A,word,next-token prediction,wikipedia article: Opera | top1_prob: 0.373
history-of-computer-science-s1-10-ctx,"The history of computer science began long before the modern discipline of computer science, usually appearing in forms like mathematics or physics. Developments in previous centuries alluded to the discipline that we",N/A,now,next-token prediction,wikipedia article: History of computer science | top1_prob: 0.373
introduction-to-quantum-mechanics-s42-8-ctx,"Ten years elapsed before Millikan's definitive experiment verified Einstein's prediction. During that time, many scientists rejected the revolutionary",N/A,idea,next-token prediction,wikipedia article: Introduction to quantum mechanics | top1_prob: 0.427
island-nation-s2-12-ctx,"The season 1 covered the history from 1990 to 1994. The series will include 80 episodes over 8 seasons, with the first",N/A,season,next-token prediction,wikipedia article: Island Nation | top1_prob: 0.372
john-barrett-actor-s2-11-ctx,"Born in Rochdale in 1910, Barrett worked in a family business there, and in the 1930s began working in the theatre. He started as an assistant stage manager, and at different times",N/A,worked,next-token prediction,wikipedia article: John Barrett (actor) | top1_prob: 0.372
literature-s31-13-ctx,"The early Buddhist texts are also generally believed to be of oral tradition, with the first by comparing inconsistencies in the transmitted versions of literature from various oral societies such as the Greek, Serbia and other cultures, then noting that the Vedic literature is too consistent and vast to have been composed and transmitted orally across generations, without being written down. According to Goody, the Vedic texts likely involved both a written and oral",N/A,tradition,next-token prediction,wikipedia article: Literature | top1_prob: 0.428
greg-rothman-s19-13-ctx,"In 2019, Rothman sponsored legislation to shorten the time period for evictions in Pennsylvania. The bill was supported by landlords' organizations and opposed by tenant and low-income",N/A,housing,next-token prediction,wikipedia article: Greg Rothman | top1_prob: 0.429
rural-municipality-of-mount-pleasant-no-2-s10-13-ctx,"Localities Elmore In the 2021 Census of Population conducted by Statistics Canada, the RM of Mount Pleasant No. 2 had a population of 419 living in 152 of its 182 total",N/A,private,next-token prediction,wikipedia article: Rural Municipality of Mount Pleasant No. 2 | top1_prob: 0.371
richy-ahmed-s4-11-ctx,"His music has influences from disco, techno, funk, electro and hip hop. His music releases include ""The Drums"", which was named Pete Tong's",N/A,essential,next-token prediction,wikipedia article: Richy Ahmed | top1_prob: 0.371
big-radio-3-s1-12-ctx,"Big Radio 3 is a Bosnian local commercial radio station, broadcasting from Banja Luka, Bosnia and Herzegovina. This radio station broadcasts a variety of programs such as foreign pop",N/A,music,next-token prediction,wikipedia article: Big Radio 3 | top1_prob: 0.429
andrew-tiedemann-s6-14-ctx,"Tiedemann had previously represented Canada at the U-17, U-19, and U-20 levels before making his debut with the senior men's squad. At the 2008 IRB Junior World Championship Tiedemann started in four of the five",N/A,matches,next-token prediction,wikipedia article: Andrew Tiedemann | top1_prob: 0.429
effects-of-climate-change-on-small-island-countries-s35-11-ctx,"Once the limited available soil on these islands becomes salinated, it becomes very difficult to produce subsistence crops such as breadfruit. This would severely impact the agricultural and commercial sector in nations",N/A,such,next-token prediction,wikipedia article: Effects of climate change on small island countries | top1_prob: 0.430
918th-air-refueling-squadron-s4-8-ctx,"Although most of the squadron remained in the United States during the war, part of its air echelon deployed to the Pacific where it performed photographic mapping missions until the unit was inactivated in 1944. The squadron was allotted to the Air Force",N/A,reserve,next-token prediction,wikipedia article: 918th Air Refueling Squadron | top1_prob: 0.370
italian-baroque-art-s21-13-ctx,Its exuberance and colour was picked up on by later Baroque painters while the classicising aspects of its design (disegno) influenced painters who followed the more classical cannon. Other influential painters during this early period who influenced the development of Baroque,N/A,painting,next-token prediction,wikipedia article: Italian Baroque art | top1_prob: 0.370
charles-s-kilburn-s18-15-ctx,"A. Russell, Wyoming, and, from February to September 1918, Kilburn was assigned to the 8th Cavalry",N/A,regiment,next-token prediction,wikipedia article: Charles S. Kilburn | top1_prob: 0.431
jazz-rap-s29-10-ctx,"Groups making up the collective known as the Native Tongues tended toward jazzy releases: these include the Jungle Brothers' debut, Straight Out the Jungle (Warlock, 1988), and A Tribe Called Quest's People's Instinctive Travels and the Paths of Rhythm (Jive, 1990). The Low End Theory has become one of hip hop's",N/A,most,next-token prediction,wikipedia article: Jazz rap | top1_prob: 0.431
winter-olympic-games-s1-11-ctx,"The Winter Olympic Games (French: Jeux olympiques d'hiver), also known as the Olympic Winter Games or simply the Winter Olympics, are a major international multi-sport event held once every four years for sports practiced on snow and ice. The Winter Olympics are usually held in February, during the winter",N/A,season,next-token prediction,wikipedia article: Winter Olympic Games | top1_prob: 0.431
metamorphosis-iii-s16-14-ctx,"The second bird pattern then becomes black-and-white triangles, which then become envelopes with wings. These winged envelopes then return to the black-and-white triangles and then to the original",N/A,bird,next-token prediction,wikipedia article: Metamorphosis III | top1_prob: 0.432
byzantines-s24-8-ctx,"There are various runic inscriptions left in Norway, Sweden and even in Athens by travellers and members of the Varangian Guard like Greece runestones and the Piraeus Lion which we meet the terms Grikkland (Greece) and Grikkr referring to their ventures in Byzantine Empire and their interaction with the Byzantines. The Byzantines are a Greek-speaking and Orthodox Christian",N/A,people,next-token prediction,wikipedia article: Byzantines | top1_prob: 0.368
indian-classical-music-s34-11-ctx,"The classic Sanskrit text Natya Shastra is at the foundation of the numerous classical music and dance traditions of India. Before Natyashastra was finalized, the ancient Indian traditions had classified musical",N/A,instruments,next-token prediction,wikipedia article: Indian classical music | top1_prob: 0.432
climate-change-mitigation-s14-11-ctx,"These changes are part of the fast carbon cycle, whereas fossil fuels release CO2 that was buried underground as part of the slow carbon cycle. Methane is a short-lived greenhouse gas that is produced by decaying",N/A,organic,next-token prediction,wikipedia article: Climate change mitigation | top1_prob: 0.432
military-of-the-mongol-empire-s32-9-ctx,"The Mongols have also used crossbows (possibly acquired from the Chinese), also both for infantry and cavalry, but these were rarely used in battle. During the Siege of Nishapur in 1221, the Mongols",N/A,used,next-token prediction,wikipedia article: Military of the Mongol Empire | top1_prob: 0.433
richy-ahmed-s5-14-ctx,"His music releases include ""The Drums"", which was named Pete Tong's Essential New Tune and more recently Sneaky Acid EP for Hot Creations' 50th release. Ahmed has joined the roster of artists taking part in the BBC Radio 1",N/A,essential,next-token prediction,wikipedia article: Richy Ahmed | top1_prob: 0.367
history-of-chess-s25-12-ctx,"The Mongols call the game shatar, and in Ethiopia it is called senterej, both evidently derived from shatranj. Chess spread directly from the Middle East to Russia, where chess became",N/A,known,next-token prediction,wikipedia article: History of chess | top1_prob: 0.367
nato-bombing-of-the-radio-television-of-serbia-headquarters-s15-11-ctx,There was considerable disagreement between the United States and the French government regarding the legitimacy and legality of the bombing. While giving a speech at the Overseas Press Club sixtieth anniversary,N/A,dinner,next-token prediction,wikipedia article: NATO bombing of the Radio Television of Serbia headquarters | top1_prob: 0.433
sonapah-s1-14-ctx,"Craft Tourism Village Sonapah is a village in tehsil Beerwah, district Budgam of the Jammu and Kashmir (India). As of the 2011 census, the population of Sonapah is 4900, of which 2300are",N/A,males,next-token prediction,wikipedia article: Sonapah | top1_prob: 0.366
chemistry-band-s3-10-ctx,"Their first single ""Pieces of a Dream"" was released on March 3, 2001, and was the best selling single that year (over 2 million). Most of their singles have reached #1 on the Oricon",N/A,charts,next-token prediction,wikipedia article: Chemistry (band) | top1_prob: 0.365
artificial-intelligence-s23-13-ctx,"Knowledge representation and knowledge engineering allow AI programs to answer questions intelligently and make deductions about real-world facts. Formal knowledge representations are used in content-based indexing and retrieval, scene interpretation, clinical",N/A,decision,next-token prediction,wikipedia article: Artificial intelligence | top1_prob: 0.364
amitzur-shapira-s14-8-ctx,"Reeve, Simon: One day in September. The full story of the 1972 Munich Olympics",N/A,massacre,next-token prediction,wikipedia article: Amitzur Shapira | top1_prob: 0.436
formation-and-evolution-of-the-solar-system-s15-8-ctx,"In roughly five billion years, the Sun's surface will cool as the hydrogen fusion to helium stops in the core of the Sun, becoming a subgiant, and over the next two and a half to three billion years thereafter, it will expand outward to many times its current diameter, becoming a red giant twice with an intermittent phase between the principal RGB and AGB phases, before casting off its outer layers as a planetary nebula and leaving behind a stellar remnant known as a white dwarf. In the distant future, the gravity of passing",N/A,stars,next-token prediction,wikipedia article: Formation and evolution of the Solar System | top1_prob: 0.436
fault-geology-s42-10-ctx,"In a normal fault, the hanging wall moves downward, relative to the footwall. The dip of most normal faults is at least 60",N/A,degrees,next-token prediction,wikipedia article: Fault (geology) | top1_prob: 0.436
garbage-collection-computer-science-s20-12-ctx,"Double free bugs, which occur when the program tries to free a region of memory that has already been freed, and perhaps already been allocated again. Certain kinds of memory leaks, in which a program fails to free",N/A,memory,next-token prediction,wikipedia article: Garbage collection (computer science) | top1_prob: 0.363
industrial-revolution-s31-8-ctx,"By the early 19th century, industrialisation had reached Western Europe and the United States, and by the late 19th century, Japan. The commencement of the Industrial Revolution is closely",N/A,linked,next-token prediction,wikipedia article: Industrial Revolution | top1_prob: 0.363
formation-and-evolution-of-the-solar-system-s39-10-ctx,"Late in the life of these stars, they ejected heavier elements into the interstellar medium. Some scientists have given the name Coatlicue to a hypothetical",N/A,star,next-token prediction,wikipedia article: Formation and evolution of the Solar System | top1_prob: 0.363
medicine-s21-14-ctx,"Differential diagnosis methods help to rule out conditions based on the information provided. During the encounter, properly informing the patient of all relevant facts is an important",N/A,part,next-token prediction,wikipedia article: Medicine | top1_prob: 0.362
sun-s17-9-ctx,"After the red giant phase, models suggest the Sun will shed its outer layers and become a dense type of cooling star (a white dwarf), and no longer produce energy by fusion, but will still glow and give off heat from its previous fusion for perhaps trillions of years. After that, it is theorised to become an extremely",N/A,dense,next-token prediction,wikipedia article: Sun | top1_prob: 0.438
sydney-opera-house-s30-11-ctx,"Utzon Room: A small multi-purpose venue for parties, corporate functions and small productions (such as chamber music performances). Yallamundi Rooms: A function space hosting up to 400 people, often",N/A,used,next-token prediction,wikipedia article: Sydney Opera House | top1_prob: 0.438
photovoltaic-system-s1-15-ctx,"A photovoltaic system, also called a PV system or solar power system, is an electric power system designed to supply usable solar power by means of photovoltaics. It consists of an arrangement of several components, including solar panels to absorb and convert",N/A,sunlight,next-token prediction,wikipedia article: Photovoltaic system | top1_prob: 0.438
military-of-the-mongol-empire-s8-12-ctx,"The Mongols protected their horses in the same way as they did themselves, covering them with lamellar armor. Horse armor was divided into five parts and designed to protect every",N/A,part,next-token prediction,wikipedia article: Military of the Mongol Empire | top1_prob: 0.361
french-revolution-of-1848-s8-12-ctx,"Supported by the ultra-royalists, Charles X was an extremely unpopular reactionary monarch whose aspirations were far more grand than those of his deceased brother. He had no desire to rule as a constitutional monarch, taking various",N/A,steps,next-token prediction,wikipedia article: French Revolution of 1848 | top1_prob: 0.439
rainforest-s23-12-ctx,"In Australia, dry rainforests have structurally complex species composition. These species can have various adaptations such as deciduousness or semi-deciduousness, reduced",N/A,leaf,next-token prediction,wikipedia article: Rainforest | top1_prob: 0.361
patsy-rodgers-s1-10-ctx,Patsy Rodgers was the first Stampede Queen of the Calgary Stampede. She became Stampede Queen in 1946 and returned as parade,N/A,marshal,next-token prediction,wikipedia article: Patsy Rodgers | top1_prob: 0.360
william-allen-canadian-politician-s11-15-ctx,"Robert Allen's father-in-law, Randall McDonnell, was the mayor of Mayo, Quebec for 13 consecutive years. In 1950, William Allen entered municipal politics with his election as an alderman on Toronto",N/A,city,next-token prediction,wikipedia article: William Allen (Canadian politician) | top1_prob: 0.440
climate-change-s2-10-ctx,Climate change in a broader sense also includes previous long-term changes to Earth's climate. The modern-day rise in global temperatures is driven by human,N/A,activities,next-token prediction,wikipedia article: Climate change | top1_prob: 0.440
island-s6-8-ctx,Islands are host to diverse plant and animal life. Oceanic islands have the sea as a natural,N/A,barrier,next-token prediction,wikipedia article: Island | top1_prob: 0.440
sennan-fielding-s13-15-ctx,"Fielding and Williams made their GT3 debut for Steller driving the Audi R8 LMS Evo at Brands Hatch and finished sixth overall. In 2023, Fielding formed part of Steller's driver lineup for their Michelin Le Mans Cup",N/A,campaign,next-token prediction,wikipedia article: Sennan Fielding | top1_prob: 0.441
2019-amazon-rainforest-wildfires-s19-12-ctx,"Human-driven deforestation of the Amazon rainforest has been a major concern for decades as the rainforest's impact on the global climate has been measured. From a global climate perspective, the Amazon has been the world's largest",N/A,carbon,next-token prediction,wikipedia article: 2019 Amazon rainforest wildfires | top1_prob: 0.442
armory-center-for-the-arts-s1-9-ctx,"The Armory Center for the Arts is a non-profit community arts organization that offers arts education programs and contemporary art exhibitions in Pasadena, California, United States. It originated as the education department of the Pasadena",N/A,art,next-token prediction,wikipedia article: Armory Center for the Arts | top1_prob: 0.442
impressionism-s10-10-ctx,Turner. They also painted realistic scenes of everyday life in natural,N/A,settings,next-token prediction,wikipedia article: Impressionism | top1_prob: 0.442
desert-ecology-s14-12-ctx,"Deserts are most notable for their dry climates; usually a result from their surrounding geography. For example, rain-blocking mountain ranges, and distance from oceans are two geographic",N/A,features,next-token prediction,wikipedia article: Desert ecology | top1_prob: 0.358
st-john-the-baptist-cathedral-carora-s1-14-ctx,The St. John the Baptist Cathedral (Spanish: Catedral de San Juan Bautista de Carora) or simply,N/A,cathedral,next-token prediction,"wikipedia article: St. John the Baptist Cathedral, Carora | top1_prob: 0.358"
software-architecture-s26-14-ctx,"Software architecture patterns operate at a higher level of abstraction than software design patterns, solving broader system-level challenges. While these patterns typically affect system-level concerns, the distinction between architectural patterns and architectural",N/A,styles,next-token prediction,wikipedia article: Software architecture | top1_prob: 0.357
middle-ages-s36-12-ctx,"Leonardo Bruni was the first historian to use tripartite periodisation in his History of the Florentine People (1442), with a middle period ""between the fall of the Roman Empire and the revival of city life sometime in late eleventh and twelfth centuries"". Tripartite periodisation became standard after the 17th-century German historian Christoph Cellarius divided",N/A,history,next-token prediction,wikipedia article: Middle Ages | top1_prob: 0.357
rudy-lozano-s16-11-ctx,"RLLA is associated with the Instituto Del Progreso Latino in Chicago. His son, Rudy Jr, ran for State Representative in the 23rd",N/A,district,next-token prediction,wikipedia article: Rudy Lozano | top1_prob: 0.443
george-mcavoy-s2-11-ctx,"The rest of his career, which lasted from 1951 to 1966, was spent in the minor leagues. McAvoy also played for the Canadian national team at the 1955",N/A,world,next-token prediction,wikipedia article: George McAvoy | top1_prob: 0.356
nude-photography-s27-11-ctx,"Music album covers often incorporate photography, at times including nude or semi-nude images. Album covers that have incorporated nudity have included those of performers",N/A,such,next-token prediction,wikipedia article: Nude photography | top1_prob: 0.444
mountain-island-north-carolina-s9-13-ctx,"The site at river's edge featured a partially completed canal around the shoals that could be used for a mill race, and a steep island whose top now rises from the lake. Machinery was moved from the Mount Hecla mill by mule-drawn wagon and operations",N/A,began,next-token prediction,"wikipedia article: Mountain Island, North Carolina | top1_prob: 0.356"
behavioural-genetics-s13-11-ctx,"Plato, for example, argued in The Republic that selective breeding among the citizenry to encourage the development of some traits and discourage others, what today might be called eugenics, was to be encouraged in the pursuit of an ideal society. Behavioural genetic concepts also existed during the English Renaissance, where William",N/A,shakespeare,next-token prediction,wikipedia article: Behavioural genetics | top1_prob: 0.356
history-of-science-s3-13-ctx,"Protoscience, early sciences, and natural philosophies such as alchemy and astrology that existed during the Bronze Age, Iron Age, classical antiquity and the Middle Ages, declined after the emergence of modern sciences during the Scientific Revolution. The earliest roots of scientific thinking and practice can be traced to Ancient",N/A,egypt,next-token prediction,wikipedia article: History of science | top1_prob: 0.444
the-voice-russian-tv-series-season-3-s4-12-ctx,"Alexandra Vorobyova was announced the winner on December 26, 2014, marking Alexander Gradsky's third win as a coach, thus expanding his winning streak to third seasons in a row. Leonid Agutin, Pelageya, Alexander Gradsky, and Dima Bilan return for their third",N/A,season,next-token prediction,wikipedia article: The Voice (Russian TV series) season 3 | top1_prob: 0.445
chulayarnnon-siriphol-s20-8-ctx,"Shadow Dancing: Where Can We Find a Silver Lining in Challenging Times? 17 March - 12 June 2022, Jim Thompson",N/A,art,next-token prediction,wikipedia article: Chulayarnnon Siriphol | top1_prob: 0.445
discrete-mathematics-s22-11-ctx,"Petri nets and process algebras are used to model computer systems, and methods from discrete mathematics are used in analyzing VLSI electronic circuits. Computational geometry applies algorithms to geometrical problems and representations of geometrical",N/A,objects,next-token prediction,wikipedia article: Discrete mathematics | top1_prob: 0.445
baroque-s37-11-ctx,"Baroque churches were designed with a large central space, where the worshippers could be close to the altar, with a dome or cupola high overhead, allowing light to illuminate the church below. The dome was one of the central symbolic features of Baroque",N/A,architecture,next-token prediction,wikipedia article: Baroque | top1_prob: 0.445
winter-olympic-games-s36-8-ctx,"A winter sports week with speed skating, figure skating, ice hockey and Nordic skiing were planned, but the 1916 Olympics was cancelled after the outbreak of World War I. The first Olympics after the war, the 1920",N/A,summer,next-token prediction,wikipedia article: Winter Olympic Games | top1_prob: 0.355
artificial-general-intelligence-s4-10-ctx,"Creating AGI is a stated goal of technology companies such as OpenAI, Google, xAI, and Meta. A 2020 survey identified 72 active AGI research and development",N/A,projects,next-token prediction,wikipedia article: Artificial general intelligence | top1_prob: 0.445
heroic-age-of-antarctic-exploration-s2-13-ctx,"During the Heroic Age, the Antarctic region became the focus of international efforts that resulted in intensive scientific and geographical exploration by 17 major Antarctic expeditions launched from ten countries. The common factor in these expeditions was the limited nature of the resources",N/A,available,next-token prediction,wikipedia article: Heroic Age of Antarctic Exploration | top1_prob: 0.446
high-renaissance-s2-13-ctx,"Most art historians state that the High Renaissance started between 1490 and 1500, and ended in 1520 with the death of Raphael, although some say the High Renaissance ended about 1525, or in 1527 with the Sack of Rome by the mutinous army of Charles V, Holy Roman Emperor, or about 1530. The best-known exponents of painting, sculpture, and architecture of the High Renaissance include",N/A,leonardo,next-token prediction,wikipedia article: High Renaissance | top1_prob: 0.354
mongol-empire-s19-15-ctx,"The Mongol Empire is also referred to as the ""Mongolian Empire"" or the ""Mongol World Empire"" in some English sources. The empire referred to itself as the Nation of the Great Mongols or the Great",N/A,mongol,next-token prediction,wikipedia article: Mongol Empire | top1_prob: 0.446
alan-wells-s23-11-ctx,"In his only one-day international, an England victory over the West Indies, his innings was limited by the solidity of England's higher order batting, especially captain Michael Atherton who made his first one-day international century, Wisden observing that ""Wells, making his England debut at 33, had to walk out for a ten-minute thrash after Atherton finally departed to a standing ovation"". It was a similar story in his only Test match three",N/A,months,next-token prediction,wikipedia article: Alan Wells | top1_prob: 0.446
medieval-music-s35-13-ctx,"Other plucked stringed instruments included the mandore, gittern, citole and psaltery. The bowed lyra of the Byzantine Empire was the first recorded European bowed",N/A,string,next-token prediction,wikipedia article: Medieval music | top1_prob: 0.446
elizabeth-burchenal-s20-12-ctx,"Ward Crampton) Folk Dances and Singing Games (3 vol., 1909, 1922) ""Athletics for Girls"" (1909, with Jennie Bradley Roessing) Dances of the People (1913) Folk Dances of Denmark (1915) American Country Dances (1917) ""A Constructive Program of Athletics for School Girls: Policy, Method and Activities"" (1919) Folk Dances from Old Homelands (1922) Folk-dancing as a Popular Recreation: A Handbook (1922) National Dances of Ireland (1925) Three Old American Quadrilles (1926) Four Folk Games from Sweden, Finland, Czechoslovakia (1928) Five Folk Dances (1929) Folk Dances of Germany (1938) ""Folk Dances of the United States: Regional Types and Origins"" (1951) Burchenal died in 1959, probably in her eighties, in Brooklyn. Silent footage of Elizabeth Burchenal leading a large group adults in folk",N/A,dancing,next-token prediction,wikipedia article: Elizabeth Burchenal | top1_prob: 0.446
old-st-mary-s-cemetery-wrought-iron-cross-site-s4-15-ctx,The listing included 55 contributing objects. The National Register database listing for this site does not identify any specific blacksmith whose,N/A,work,next-token prediction,"wikipedia article: Old St. Mary's Cemetery, Wrought-Iron Cross Site | top1_prob: 0.446"
counterspy-meets-scotland-yard-s2-12-ctx,"John, Ron Randell and Amanda Blake. It was the second of two film adaptations based on the radio",N/A,series,next-token prediction,wikipedia article: Counterspy Meets Scotland Yard | top1_prob: 0.353
island-nation-s7-15-ctx,"Casting was a challenge, as several local actors and actresses declined roles in the series, for fear of compromising their ability to work in China. Cinema Escapist described Island Nation as ""one of the most compelling series in Taiwanese entertainment",N/A,history,next-token prediction,wikipedia article: Island Nation | top1_prob: 0.353
eugeny-kenig-s29-10-ctx,"Sorensen), London a.o.: Elsevier, 2014 Kenig, E.Y. A Framework for the Modeling of Reactive Separations, In: Process",N/A,systems,next-token prediction,wikipedia article: Eugeny Kenig | top1_prob: 0.352
history-of-astronomy-s36-11-ctx,"Those descriptions verified ancient knowledge of the Nebra sky disc's celestial depiction as the precise arrangement needed to judge when to insert the intercalary month into a lunisolar calendar, making it an astronomical clock for regulating such a calendar a thousand or more years before any other known method. The Kokino site, discovered in 2001, sits atop an extinct volcanic",N/A,cone,next-token prediction,wikipedia article: History of astronomy | top1_prob: 0.448
filipino-psychology-s17-8-ctx,Filipino Psychology emerged and grew as part of the nationalist indigenization movement in the Philippines that was formalized in 1975. The roots of Filipino Psychology can be traced,N/A,back,next-token prediction,wikipedia article: Filipino psychology | top1_prob: 0.448
exoplanet-s15-9-ctx,"The nearest exoplanets are located 4.2 light-years (1.3 parsecs) from Earth and orbit Proxima Centauri, the closest star to the Sun. At the other extreme, there is evidence for extragalactic",N/A,planets,next-token prediction,wikipedia article: Exoplanet | top1_prob: 0.448
henry-grinnell-s10-14-ctx,"A few years later, with the addition of Henry's brother-in-law, Robert Bowne Minturn, the firm became Grinnell, Minturn & Company, whose operations were greatly expanded by its entry into the general shipping business. The company became one of the strongest and best known mercantile houses in New",N/A,york,next-token prediction,wikipedia article: Henry Grinnell | top1_prob: 0.449
opera-s15-14-ctx,"The mid-to-late 19th century was a golden age of opera, led and dominated by Giuseppe Verdi in Italy and Richard Wagner in Germany. The popularity of opera continued through the verismo era in Italy and contemporary French",N/A,opera,next-token prediction,wikipedia article: Opera | top1_prob: 0.449
music-theory-s3-8-ctx,"The musicological approach to theory differs from musical analysis ""in that it takes as its starting-point not the individual work or performance but the fundamental materials from which it is built."" Music theory is frequently concerned with describing how musicians and composers make music, including tuning systems and composition methods among other topics. Because of the ever-expanding conception of what constitutes",N/A,music,next-token prediction,wikipedia article: Music theory | top1_prob: 0.449
taxonomy-biology-s5-14-ctx,"The Swedish botanist Carl Linnaeus is regarded as the founder of the current system of taxonomy, having developed a ranked system known as Linnaean taxonomy for categorizing organisms. With advances in the theory, data and analytical technology of biological systematics, the Linnaean",N/A,system,next-token prediction,wikipedia article: Taxonomy (biology) | top1_prob: 0.449
scholasticism-s35-11-ctx,"At the same time, the School of Chartres produced Bernard of Chartres's commentaries on Plato's Timaeus and a range of works by William of Conches that attempted to reconcile the use of classical pagan and philosophical sources in a medieval Christian concept using the kludge of integumentum, treating the obviously heretical surface meanings as coverings disguising a deeper (and more orthodox) truth. Abelard himself was condemned by Bernard of Clairvaux at the 1141",N/A,council,next-token prediction,wikipedia article: Scholasticism | top1_prob: 0.351
evolutionary-biology-s30-9-ctx,"Another way is by perceived taxonomic group, with fields such as zoology, botany, and microbiology, reflecting what was once seen as the major divisions of life. A third way is by approaches, such as field",N/A,biology,next-token prediction,wikipedia article: Evolutionary biology | top1_prob: 0.351
golden-gate-girls-s24-15-ctx,"Kevin M. Thomas of San Francisco's The Examiner praised Golden Gate Girls as ""more than a loving",N/A,tribute,next-token prediction,wikipedia article: Golden Gate Girls | top1_prob: 0.449
sun-s1-14-ctx,"The Sun is the star located at the centre of the Solar System. It is a massive sphere of hot plasma, heated to incandescence by nuclear fusion",N/A,reactions,next-token prediction,wikipedia article: Sun | top1_prob: 0.350
spacex-s5-14-ctx,"The company is credited with advances in rocket propulsion, reusable launch vehicles, human spaceflight, and satellite constellation technology. Musk controls 42% of the outstanding shares of SpaceX and 85% of the voting",N/A,power,next-token prediction,wikipedia article: SpaceX | top1_prob: 0.350
rural-municipality-of-mount-pleasant-no-2-s12-10-ctx,"With a land area of 772.71 km2 (298.34 sq mi), it had a population density of 0.5/km2 (1.4/sq mi) in 2021. In the 2016 Census of Population, the RM of Mount",N/A,pleasant,next-token prediction,wikipedia article: Rural Municipality of Mount Pleasant No. 2 | top1_prob: 0.350
italian-renaissance-painting-s19-12-ctx,"The advent of movable type printing in the 15th century meant that ideas could be disseminated easily, and an increasing number of books were written for a broad public. The development of oil paint and its introduction to Italy had lasting",N/A,effects,next-token prediction,wikipedia article: Italian Renaissance painting | top1_prob: 0.450
world-war-i-s10-12-ctx,"The United Kingdom entered the war after Germany invaded Belgium, and the Ottoman Empire joined the Central Powers in November. Germany's strategy in 1914 was to quickly defeat France before transferring its",N/A,forces,next-token prediction,wikipedia article: World War I | top1_prob: 0.450
climate-s38-9-ctx,"The density and type of vegetation coverage affects solar heat absorption, water retention, and rainfall on a regional level. Alterations in the quantity of atmospheric greenhouse gases (particularly",N/A,carbon,next-token prediction,wikipedia article: Climate | top1_prob: 0.451
primera-divisi-n-de-f-tbol-profesional-apertura-2007-s8-13-ctx,The following players: have played at least one apertura game for the respective club. have not been capped for the El Salvador national football team on any,N/A,level,next-token prediction,wikipedia article: Primera División de Fútbol Profesional Apertura 2007 | top1_prob: 0.349
mongol-empire-s2-9-ctx,"Originating in present-day Mongolia in East Asia, the medieval empire at its height stretched from the Sea of Japan to Eastern Europe, extending northward into Siberia and east and southward into the Indian subcontinent, mounting invasions of Southeast Asia, and conquering the Iranian Plateau; and reaching westward as far as the Levant and the Carpathian Mountains. The empire emerged from the unification of several nomadic",N/A,tribes,next-token prediction,wikipedia article: Mongol Empire | top1_prob: 0.452
military-of-the-mongol-empire-s30-9-ctx,"The present bowmaking tradition emerged after independence in 1921 and is based on Manchu types of bow, somewhat different from the bows known to have been used by the Mongol Empire. Mounted archery had fallen into disuse and has been",N/A,revived,next-token prediction,wikipedia article: Military of the Mongol Empire | top1_prob: 0.348
space-exploration-s32-14-ctx,"The spacecraft completed one orbit around the globe, lasting about 1 hour and 48 minutes. Gagarin's flight resonated around the world; it was a demonstration of the advanced Soviet",N/A,space,next-token prediction,wikipedia article: Space exploration | top1_prob: 0.348
elizabeth-burchenal-s6-11-ctx,"Burchenal taught physical education classes at Teachers College, Columbia University from 1903 to 1905. She was executive secretary of the Girls' Branch of the Public",N/A,school,next-token prediction,wikipedia article: Elizabeth Burchenal | top1_prob: 0.452
nude-photography-s19-13-ctx,A feature of this form of advertising is that the imagery used typically has no connection to the product being advertised. The purpose of such imagery is to attract the attention of a potential,N/A,customer,next-token prediction,wikipedia article: Nude photography | top1_prob: 0.453
genetics-s13-15-ctx,"The intracellular or extracellular environment of a living cell or organism may increase or decrease gene transcription. A classic example is two seeds of genetically identical corn, one placed in a temperate",N/A,climate,next-token prediction,wikipedia article: Genetics | top1_prob: 0.347
alternative-medicine-s19-14-ctx,"Terminology has shifted over time, reflecting the preferred branding of practitioners. For example, the department of the United States National Institutes of Health studying alternative",N/A,medicine,next-token prediction,wikipedia article: Alternative medicine | top1_prob: 0.346
panama-canal-fence-s25-8-ctx,"On December 31, 1999, the United States handed over full control of the canal to Panama. The existence and purpose of the various Canal",N/A,zone,next-token prediction,wikipedia article: Panama Canal fence | top1_prob: 0.346
ancient-olympic-games-s40-14-ctx,"Areas around the Mediterranean had a long tradition of physical activities, even though they did not seem to hold regular competitions, with the events being probably the preserve of kings and upper classes. The earliest evidence of athletic tradition in Greece come from late Bronze Age artistic",N/A,representations,next-token prediction,wikipedia article: Ancient Olympic Games | top1_prob: 0.345
opera-web-browser-s9-10-ctx,"In 2019, Opera introduced Opera GX, a gaming-themed version of Opera with additional gaming-related features. The browser has a feature called mods which made it",N/A,possible,next-token prediction,wikipedia article: Opera (web browser) | top1_prob: 0.455
nato-bombing-of-the-radio-television-of-serbia-headquarters-s18-10-ctx,"If, in fact, they're off the air even temporarily, as all of you know, one of the three key pillars, along with the security forces and the secret police, have been at least temporarily removed. And it is an enormously important and, I think, positive",N/A,development,next-token prediction,wikipedia article: NATO bombing of the Radio Television of Serbia headquarters | top1_prob: 0.456
mooring-oceanography-s20-11-ctx,"Profiling crawlers, or prawlers, are sensor bodies which climb and descend the cable to observe at multiple depths. The energy to move is ""free"" in the sense that wave",N/A,energy,next-token prediction,wikipedia article: Mooring (oceanography) | top1_prob: 0.458
the-cambridge-medieval-history-s2-15-ctx,"Publication was delayed by the First World War and changes in the editorial team. The work was planned by John Bagnell Bury, Regius Professor of Modern History at Cambridge",N/A,university,next-token prediction,wikipedia article: The Cambridge Medieval History | top1_prob: 0.458
formation-and-evolution-of-the-solar-system-s24-10-ctx,"The most significant criticism of the hypothesis was its apparent inability to explain the Sun's relative lack of angular momentum when compared to the planets. However, since the early 1980s studies of young stars have",N/A,shown,next-token prediction,wikipedia article: Formation and evolution of the Solar System | top1_prob: 0.342
classical-african-civilization-s11-8-ctx,"Oyo Empire, a kingdom in present-day Nigeria, was founded in the 1300s. It was established by Oranmiyan of the Yoruba",N/A,people,next-token prediction,wikipedia article: Classical African civilization | top1_prob: 0.342
mooring-oceanography-s11-9-ctx,"In deeper waters, areas covered by sea ice, areas within or near shipping lanes and areas that are prone to theft or vandalism, moorings are often submerged with no surface markers. A submerged mooring typically uses an acoustic or timed",N/A,release,next-token prediction,wikipedia article: Mooring (oceanography) | top1_prob: 0.342
marco-polo-sings-a-solo-s20-11-ctx,"David Cosier, costume design by Teresa Snider-Stein, lighting design by Brian Aldous, and sound design by Red Ramona. The cast starred Opal Alladin (Freydis), Beeson Carroll (Lusty McBride), Chuck",N/A,cooper,next-token prediction,wikipedia article: Marco Polo Sings a Solo | top1_prob: 0.341
list-of-egyptian-deities-s3-15-ctx,"Many Egyptian texts mention deities' names without indicating their character or role, while other texts refer to specific deities without even stating their name, so a complete list of them is difficult to assemble. This list does not include any Pharaohs who were usually deified, some within their own",N/A,lifetime,next-token prediction,wikipedia article: List of Egyptian deities | top1_prob: 0.459
tundra-s33-14-ctx,"Research in Alaska has shown fire-event return intervals (FRIs) that typically vary from 150 to 200 years, with dryer lowland areas burning more frequently than wetter highland areas. The biodiversity of tundras is low: 1,700 species of vascular plants and only 48",N/A,species,next-token prediction,wikipedia article: Tundra | top1_prob: 0.459
medicine-s8-11-ctx,"Prescientific forms of medicine, now known as traditional medicine or folk medicine, remain commonly used in the absence of scientific medicine and are thus called alternative medicine. Alternative treatments outside of scientific medicine with ethical, safety and efficacy",N/A,concerns,next-token prediction,wikipedia article: Medicine | top1_prob: 0.341
victoria-falls-airport-s3-11-ctx,"The airport operates 12 hours per day, with immigration and customs services available. It offers facilities and services including aircraft parking, cargo and passenger",N/A,handling,next-token prediction,wikipedia article: Victoria Falls Airport | top1_prob: 0.460
human-skin-color-s9-11-ctx,"Color is not entirely uniform across an individual's skin; for example, the skin of the palm and the soles of the feet is lighter than most other skin; this is more noticeable in darker-skinned people. There is a direct correlation between the geographic distribution of ultraviolet",N/A,radiation,next-token prediction,wikipedia article: Human skin color | top1_prob: 0.460
wrestling-at-the-1952-summer-olympics-men-s-freestyle-bantamweight-s2-11-ctx,"Nations were limited to one competitor. Bantamweight was the second-lightest category, including wrestlers weighing 52 to 57",N/A,kilograms,next-token prediction,wikipedia article: Wrestling at the 1952 Summer Olympics – Men's freestyle bantamweight | top1_prob: 0.340
physical-oceanography-s36-8-ctx,"However, localized factors such as evaporation, precipitation, river runoff, and ice formation or melting cause significant variations in salinity. These variations are often most evident in coastal",N/A,areas,next-token prediction,wikipedia article: Physical oceanography | top1_prob: 0.340
rainforest-s2-9-ctx,"Rainforests can generally be classified as tropical rainforests or temperate rainforests, but other types have been described. Estimates vary from 40% to 75% of all biotic",N/A,species,next-token prediction,wikipedia article: Rainforest | top1_prob: 0.460
soap-opera-s15-8-ctx,"Soap operas seldom conclude all their storylines at the same time. When one story thread ends, there are several",N/A,others,next-token prediction,wikipedia article: Soap opera | top1_prob: 0.340
national-museum-of-egyptian-civilization-s22-11-ctx,"In late 2017, Zahi Hawass reported that Francis Ricciardone, the president of the American University in Cairo, donated 5,000 of its artifacts to the National Museum of Egyptian Civilization. The museum hosted the final draw of the 2021 World Men's",N/A,handball,next-token prediction,wikipedia article: National Museum of Egyptian Civilization | top1_prob: 0.340
history-of-cartography-s43-11-ctx,"Many scholars throughout history, such as Strabo, Kish, and Dilke, consider Homer to be the founder of the early Greek conception of Earth, and therefore of geography. Homer conceived Earth to be a disk surrounded by a constantly",N/A,moving,next-token prediction,wikipedia article: History of cartography | top1_prob: 0.339
order-of-the-british-empire-s22-13-ctx,"With regard to the Medal of the Order (but not the order itself), a distinction was made in 1922 between awards ""for gallantry"" and awards ""for meritorious service"" (each being appropriately inscribed, and the former having laurel leaves decorating the clasp, the latter oak leaves). In 1933, holders of the medal ""for gallantry"", which had come to be",N/A,known,next-token prediction,wikipedia article: Order of the British Empire | top1_prob: 0.461
thingiverse-s6-15-ctx,"Many of the object files are intended for the purposes of repair, decoration or organization. Thingiverse houses more than a million open source hardware designs, that allow prosumers to save",N/A,money,next-token prediction,wikipedia article: Thingiverse | top1_prob: 0.339
weezer-red-album-s33-12-ctx,"In the first podcast released on www.riverspodcast.com, Cuomo mentioned playing drums on two songs on the album. In an interview with Pitchfork, Cuomo stated the album would contain ""longer",N/A,songs,next-token prediction,wikipedia article: Weezer (Red Album) | top1_prob: 0.339
list-of-mesh-codes-n04-s1-9-ctx,"The following is a partial list of the ""N"" codes for Medical Subject Headings (MeSH), as defined by the United States National Library of Medicine (NLM). This list continues the information at List of MeSH",N/A,codes,next-token prediction,wikipedia article: List of MeSH codes (N04) | top1_prob: 0.462
2019-uefa-european-under-21-championship-qualification-group-6-s2-10-ctx,"The composition of the nine groups in the qualifying group stage was decided by the draw held on 26 January 2017, with the teams seeded according to their coefficient ranking. The group was played in home-and-away round-robin format between 27",N/A,march,next-token prediction,wikipedia article: 2019 UEFA European Under-21 Championship qualification Group 6 | top1_prob: 0.338
butter-tea-s29-12-ctx,"Before work, a Tibetan will typically enjoy several bowlfuls of this beverage, and it is always served to guests. Since butter is the main ingredient, butter tea provides plenty of caloric",N/A,energy,next-token prediction,wikipedia article: Butter tea | top1_prob: 0.338
aftermath-of-world-war-ii-s35-13-ctx,"Although the loan was agreed on reasonable terms, its conditions included what proved to be damaging fiscal conditions for sterling. From 1946 to 1948, the UK introduced bread rationing, which it had never",N/A,done,next-token prediction,wikipedia article: Aftermath of World War II | top1_prob: 0.463
alan-wells-s23-9-ctx,"In his only one-day international, an England victory over the West Indies, his innings was limited by the solidity of England's higher order batting, especially captain Michael Atherton who made his first one-day international century, Wisden observing that ""Wells, making his England debut at 33, had to walk out for a ten-minute thrash after Atherton finally departed to a standing ovation"". It was a similar story in his only Test",N/A,match,next-token prediction,wikipedia article: Alan Wells | top1_prob: 0.337
siliguri-metropolitan-police-s2-15-ctx,"The Commissionerate is part of the West Bengal Police, and is under the administrative control of Home Ministry of West Bengal. It was formed after bifurcation of the Darjeeling and Jalpaiguri Police District, and has eight",N/A,police,next-token prediction,wikipedia article: Siliguri Metropolitan Police | top1_prob: 0.337
anthropology-s14-15-ctx,"In 1647, the Bartholins, early scholars of the University of Copenhagen, defined l'anthropologie as follows: Anthropology, that is to say the science that treats of man, is divided ordinarily and with reason into Anatomy, which considers the body and the parts, and Psychology, which speaks of the soul. Sporadic use of the term for some of the subject matter occurred subsequently, including its",N/A,use,next-token prediction,wikipedia article: Anthropology | top1_prob: 0.463
byzantines-s22-12-ctx,"Both rulers of the Despotate of Epirus and the Empire of Nicaea were also ""Greek tsars ruling over Greek people"". Equally, among Nordic people such as Icelanders, Varangians (Vikings) and other Scandinavian",N/A,people,next-token prediction,wikipedia article: Byzantines | top1_prob: 0.337
cinema-of-japan-s9-12-ctx,"Anime continues to be massively popular around the world, especially the works of Studio Ghibli, which counts among its highest-grossing films Princess Mononoke (1997), Spirited Away (2001), Howl's Moving Castle (2004), Ponyo (2008), and The Boy and the Heron (2023). As of 2025, the top 16 highest-grossing Japanese films worldwide are all",N/A,anime,next-token prediction,wikipedia article: Cinema of Japan | top1_prob: 0.337
dichocoenia-s12-8-ctx,"Sometimes two individual corals grow side by side and intertwine, forming one hump, but in these circumstances they do not fuse and each retains its original colour. Dichocoenia stokesi is found in the western Atlantic",N/A,ocean,next-token prediction,wikipedia article: Dichocoenia | top1_prob: 0.337
itlu-sravani-subramanyam-s21-10-ctx,Griddaluru Goplarao of Zamin Ryot praised Jagannadh's screenplay and direction. He added that Ravi Teja's performance was convincing and supporting,N/A,cast,next-token prediction,wikipedia article: Itlu Sravani Subramanyam | top1_prob: 0.463
island-country-s3-12-ctx,Island countries are historically more stable than many continental states but are vulnerable to conquest by naval superpowers. Indonesia is the largest and most populated island country (and the fourth,N/A,most,next-token prediction,wikipedia article: Island country | top1_prob: 0.463
organizational-ecology-s37-9-ctx,"Specialist organizations maximize their exploitation of the environment and accept the risk of experiencing a change in that environment. On the other hand, generalist organizations accept a lower",N/A,level,next-token prediction,wikipedia article: Organizational ecology | top1_prob: 0.336
world-war-i-casualties-s8-15-ctx,"Nevertheless, disease, including the 1918 flu pandemic and deaths while held as prisoners of war, still caused about one third of total military deaths for all belligerents. Casualty statistics for World War I vary to a great extent; estimates of total deaths",N/A,range,next-token prediction,wikipedia article: World War I casualties | top1_prob: 0.336
lame-ducks-s6-10-ctx,"Later, a private detective called Ansell (played by Brian Murphy), hired by Drake's wife (Primi Townsend), locates the group, but, as an outcast himself, decides to join them. John Duttine as Brian Drake Lorraine Chase as Angie Brian",N/A,murphy,next-token prediction,wikipedia article: Lame Ducks | top1_prob: 0.336
replacement-migration-s23-14-ctx,Prime Minister Anthony Albanese's government has viewed skilled migration as crucial for tackling Australia's ageing population and workforce shortages. Chancellor Olaf Scholz's government has actively pursued increased skilled immigration to address Germany's labour,N/A,shortage,next-token prediction,wikipedia article: Replacement migration | top1_prob: 0.336
succession-to-the-byzantine-empire-s28-9-ctx,"After Christianization, the absolute nature of imperial rule remained justified through the idea that the emperor, though no longer divine himself, was the divinely sanctioned ruler on Earth, on behalf of Jesus Christ. The emperor's role as the ruler of the Roman",N/A,empire,next-token prediction,wikipedia article: Succession to the Byzantine Empire | top1_prob: 0.335
order-of-the-british-empire-s1-14-ctx,"The Most Excellent Order of the British Empire is a British order of chivalry, rewarding valuable service in a wide range of useful activities. It comprises five classes of awards across both civil and military divisions, the most",N/A,senior,next-token prediction,wikipedia article: Order of the British Empire | top1_prob: 0.335
arctic-exploration-s19-13-ctx,P. Bolton instead located the Issedones people on the south-western slopes of the Altay,N/A,mountains,next-token prediction,wikipedia article: Arctic exploration | top1_prob: 0.465
the-voice-russian-tv-series-season-3-s4-11-ctx,"Alexandra Vorobyova was announced the winner on December 26, 2014, marking Alexander Gradsky's third win as a coach, thus expanding his winning streak to third seasons in a row. Leonid Agutin, Pelageya, Alexander Gradsky, and Dima Bilan return for their",N/A,third,next-token prediction,wikipedia article: The Voice (Russian TV series) season 3 | top1_prob: 0.334
major-rivers-of-the-united-kingdom-s13-11-ctx,Thus the Severn ends at the mouth of the Bristol Avon and the Thames at the Yantlet Line. The currently accepted end of the Severn Estuary is about 18.5,N/A,miles,next-token prediction,wikipedia article: Major rivers of the United Kingdom | top1_prob: 0.466
southern-africa-s13-8-ctx,"In physical geography, the geographical delineation for the subregion is the portion of Africa south of the Cunene and Zambezi Rivers: Botswana, Eswatini, Lesotho, Namibia, South Africa, Zimbabwe, and the part of Mozambique that lies south of the Zambezi River. That definition is most often used in South",N/A,africa,next-token prediction,wikipedia article: Southern Africa | top1_prob: 0.466
fall-of-the-western-roman-empire-s1-13-ctx,"The fall of the Western Roman Empire, also called the fall of the Roman Empire or the fall of Rome, was the loss of central political control in the Western Roman Empire, a process in which the Empire failed to enforce its rule, and its vast territory was divided among several successor polities. The Roman Empire lost the strengths that had allowed it to exercise effective",N/A,control,next-token prediction,wikipedia article: Fall of the Western Roman Empire | top1_prob: 0.466
island-nation-s5-15-ctx,"US$2.46 million was spent on the first season, with the Ministry of Culture subsidizing US$0.98 million in production costs. A replica of the Presidential Office Building was built at a Republic of China Navy",N/A,base,next-token prediction,wikipedia article: Island Nation | top1_prob: 0.334
1990s-in-sociology-s25-8-ctx,"Mike Featherstone's, Mike Hepworth's and Bryan Turner's The body: social process and cultural theory is published. Ann Game's Undoing the Social: Towards a deconstructive",N/A,sociology,next-token prediction,wikipedia article: 1990s in sociology | top1_prob: 0.333
arctic-exploration-s24-14-ctx,"From the local population, he heard news of the mysterious land of Thule, even farther to the north. After six days of sailing, he reached land at the edge of a frozen",N/A,sea,next-token prediction,wikipedia article: Arctic exploration | top1_prob: 0.333
science-history-institute-s22-12-ctx,"A policy council was appointed by the sponsoring institutions to oversee routine operations of the center, and Arnold Thackray was appointed part-time director of the center on April 29, 1982. The center was inaugurated on March 11, 1983, in several vacant basement",N/A,rooms,next-token prediction,wikipedia article: Science History Institute | top1_prob: 0.467
jan-verkade-s31-13-ctx,"At Huelgoat he became withdrawn and meditative, attending Mass for the first time. After some time at Le Pouldu, he went home to Amsterdam for four",N/A,months,next-token prediction,wikipedia article: Jan Verkade | top1_prob: 0.467
giovanni-visconti-bishop-s1-9-ctx,"Giovanni Visconti was, according to Lorenzo Cardella, nephew of Pope Gregory X. He was ostensibly created cardinal-bishop of Sabina by his",N/A,uncle,next-token prediction,wikipedia article: Giovanni Visconti (bishop) | top1_prob: 0.468
slavery-in-the-ottoman-empire-s30-12-ctx,"Slaves were brought to the Ottoman empire by three main routes: the trans-Saharan slave trade, to Egypt and Libya; the Red Sea slave trade, across that sea; and the Indian Ocean slave trade, from East Africa via the Indian Ocean and the Arabian Peninsula. These slave routes were all inherited from the Muslim empires which had",N/A,preceded,next-token prediction,wikipedia article: Slavery in the Ottoman Empire | top1_prob: 0.332
soap-opera-s11-14-ctx,"Soap opera storylines run concurrently, intersect and lead into further developments. An individual episode of a soap opera will generally switch between several concurrent narrative",N/A,threads,next-token prediction,wikipedia article: Soap opera | top1_prob: 0.331
2008-box-office-entertainment-awards-s1-15-ctx,"The 38th Guillermo Mendoza Memorial Scholarship Foundation Box Office Entertainment Awards (GMMSF-BOEA) is a part of the annual awards in the Philippines held on May 13, 2008. The award-giving body honors Filipino actors, actresses and other performers' commercial success, regardless of artistic",N/A,merit,next-token prediction,wikipedia article: 2008 Box Office Entertainment Awards | top1_prob: 0.469
ap-music-theory-s6-8-ctx,"In turn, each section is divided into parts. Section I of the exam consists of four-option",N/A,multiple,next-token prediction,wikipedia article: AP Music Theory | top1_prob: 0.469
hogna-carolinensis-s44-12-ctx,"Though they are diggers, Carolina wolf spiders do not have specialized digging-anatomy, so it is sometimes easier to take over the burrow of other small organisms. Occasionally, spiders take over the burrow of their mother if she has",N/A,died,next-token prediction,wikipedia article: Hogna carolinensis | top1_prob: 0.331
railway-stations-in-sierra-leone-s11-9-ctx,The only advantage of this is to make conversion to standard gauge more easy. Sierra Leone Government Railway Transport in Sierra Leone Rail,N/A,transport,next-token prediction,wikipedia article: Railway stations in Sierra Leone | top1_prob: 0.470
photovoltaic-system-s8-15-ctx,"Operating silently and without any moving parts or air pollution, PV systems have evolved from niche market applications into a mature technology used for mainstream electricity generation. Due to the growth of photovoltaics, prices for PV systems have rapidly declined since their",N/A,introduction,next-token prediction,wikipedia article: Photovoltaic system | top1_prob: 0.330
history-of-the-ottoman-empire-s26-15-ctx,"In the foundation myth expressed in the story known as ""Osman's Dream"", the young Osman was inspired to conquest by a prescient vision of empire (according to his dream, the empire is a big tree whose roots spread through three continents and whose branches cover the sky). According to his dream the tree, which was Osman's Empire, issued four rivers from its",N/A,roots,next-token prediction,wikipedia article: History of the Ottoman Empire | top1_prob: 0.470
history-of-sport-in-australia-s31-9-ctx,The first Australian cricket team to go on tour internationally did so in 1868. The Australian side was an all-Aboriginal one and toured,N/A,england,next-token prediction,wikipedia article: History of sport in Australia | top1_prob: 0.330
language-family-s25-8-ctx,There is a remarkably similar pattern shown by the linguistic tree and the genetic tree of human ancestry that was verified statistically. Languages interpreted in terms of the putative phylogenetic,N/A,tree,next-token prediction,wikipedia article: Language family | top1_prob: 0.329
baroque-painting-s17-9-ctx,"However, although religious painting, history painting, allegories, and portraits were still considered the most noble subjects, landscape, still life, and genre scenes were also becoming more common in Catholic countries, and were the main genres in Protestant ones. The term ""Baroque"" was initially used with a derogatory",N/A,meaning,next-token prediction,wikipedia article: Baroque painting | top1_prob: 0.329
sexuality-in-ancient-rome-s21-14-ctx,"Even the relevance of the word ""sexuality"" to ancient Roman culture has been disputed; but in the absence of any other label for ""the cultural interpretation of erotic experience"", the term continues to be used. Ancient literature pertaining to Roman sexuality falls mainly into four categories: legal texts; medical",N/A,texts,next-token prediction,wikipedia article: Sexuality in ancient Rome | top1_prob: 0.472
internal-medicine-s21-10-ctx,"The earliest texts about internal medicine can be found in the Ayurvedic anthologies of Charaka. Internal medicine specialists, also referred to as general internal medicine",N/A,specialists,next-token prediction,wikipedia article: Internal medicine | top1_prob: 0.328
call-my-name-third-day-song-s41-11-ctx,"Billboard magazine also ranked ""Call My Name"" twenty-seventh on their decade-end Hot Christian Songs chart and thirty-sixth on their decade-end Hot Christian AC chart. ""Call My Name"" has been featured on the compilation albums WOW",N/A,hits,next-token prediction,wikipedia article: Call My Name (Third Day song) | top1_prob: 0.328
el-clon-s13-8-ctx,"The remake debuted on February 15, 2010. It was filmed in Fez, Morocco, with some",N/A,scenes,next-token prediction,wikipedia article: El clon | top1_prob: 0.473
southern-africa-s19-13-ctx,The Southern African Development Community (SADC) was established in 1980 to facilitate co-operation in the region. It includes: Angola Botswana Comoros Democratic Republic of the Congo Eswatini (Swaziland) Lesotho,N/A,madagascar,next-token prediction,wikipedia article: Southern Africa | top1_prob: 0.474
enterprise-architecture-s29-15-ctx,"These are models known as views. In the case of EA, these models describe the logical business functions or capabilities, business",N/A,processes,next-token prediction,wikipedia article: Enterprise architecture | top1_prob: 0.325
medieval-india-s16-8-ctx,"The subsequent cultural and technological developments transformed Indian society, concluding the late medieval period and beginning the early modern period. One definition includes the period from the 6th",N/A,century,next-token prediction,wikipedia article: Medieval India | top1_prob: 0.475
tarbor-e-jafari-s3-11-ctx,"The following census in 2011 counted 2,103 people in 601 households. The 2016 census measured the population of the village as 1,795",N/A,people,next-token prediction,wikipedia article: Tarbor-e Jafari | top1_prob: 0.475
behavioural-genetics-s5-11-ctx,"In the late 20th and early 21st centuries, technological advances in molecular genetics made it possible to measure and modify the genome directly. This led to major advances in model organism research (e.g., knockout",N/A,mice,next-token prediction,wikipedia article: Behavioural genetics | top1_prob: 0.475
cultural-anthropology-s26-9-ctx,"Morgan, like other 19th-century social evolutionists, believed there was a more or less orderly progression from the primitive to the civilized. 20th-century anthropologists largely reject the notion that all human",N/A,societies,next-token prediction,wikipedia article: Cultural anthropology | top1_prob: 0.324
neil-brady-s3-11-ctx,Brady enjoyed an exemplary junior hockey career in the WHL with the Medicine Hat Tigers. After scoring 81 points in 72 games and registering over 100,N/A,penalty,next-token prediction,wikipedia article: Neil Brady | top1_prob: 0.476
battlefield-1942-s32-10-ctx,"The Anti-tank role specializes in attacking tanks and other vehicles, but their main weapon is inaccurate against moving enemy infantry. The Medic role has the ability to heal players including",N/A,themselves,next-token prediction,wikipedia article: Battlefield 1942 | top1_prob: 0.324
philosophy-politics-and-economics-s26-13-ctx,"By 2020, a century after its introduction, the degree had spread to 33 universities in the UK and to a total of 172 institutions in 33 countries around the world. The programme is rooted in the view that to understand social phenomena one",N/A,must,next-token prediction,"wikipedia article: Philosophy, politics and economics | top1_prob: 0.476"
concierge-medicine-s23-13-ctx,"All generally claim to be accessible via telephone or email at any time of day or night or offer some other service above and beyond the customary care. The annual fees vary widely, ranging, on average, from US$195 to US$5,000 per",N/A,year,next-token prediction,wikipedia article: Concierge medicine | top1_prob: 0.476
vestibule-architecture-s29-8-ctx,"North of the Alps, however, the vestibule developed into a projecting structure united with the main building, recalling the Syrian churches. The method of construction shown in the Palatine",N/A,chapel,next-token prediction,wikipedia article: Vestibule (architecture) | top1_prob: 0.477
computational-neuroscience-s17-14-ctx,"About 40 years later, Hodgkin and Huxley developed the voltage clamp and created the first biophysical model of the action potential. Hubel and Wiesel discovered that neurons in the primary visual cortex, the first cortical",N/A,area,next-token prediction,wikipedia article: Computational neuroscience | top1_prob: 0.477
mikage-hokkaido-s2-15-ctx,"The village was formed in 1921 when it separated from the village of Memuro. It was named after the granite which was mined in the area, which is sometimes",N/A,called,next-token prediction,"wikipedia article: Mikage, Hokkaido | top1_prob: 0.323"
national-queer-asian-pacific-islander-alliance-s9-8-ctx,The largest population centers are in the San Francisco Bay Area and the Greater Los Angeles Area. Following these are the communities in New York,N/A,city,next-token prediction,wikipedia article: National Queer Asian Pacific Islander Alliance | top1_prob: 0.478
formation-and-evolution-of-the-solar-system-s30-8-ctx,"When a red giant finally casts off its outer layers, these elements would then be recycled to form other star systems. The nebular hypothesis says that the Solar System",N/A,formed,next-token prediction,wikipedia article: Formation and evolution of the Solar System | top1_prob: 0.322
cinema-of-japan-s6-10-ctx,"Japan has also won the Academy Award for Best International Feature Film five times, more than any other Asian country. Anime rose in popularity during the 1980s, with new animated",N/A,films,next-token prediction,wikipedia article: Cinema of Japan | top1_prob: 0.322
romanus-bishop-of-rochester-s3-9-ctx,"Little is known of his life beyond these facts. Presumably, Romanus came to England with Augustine of Canterbury's",N/A,mission,next-token prediction,wikipedia article: Romanus (bishop of Rochester) | top1_prob: 0.322
woodsmoke-and-oranges-s4-13-ctx,"Lankford, Jr. wrote in his Allmusic """"Siebel and company crafted an incredible record that still",N/A,sounds,next-token prediction,wikipedia article: Woodsmoke and Oranges | top1_prob: 0.322
major-rivers-of-the-united-kingdom-s16-9-ctx,"Those rivers which empty into other (non-tidal sections of) rivers are indicated in the table thus*. In Yorkshire, the Aire, Derwent, Don, and Wharfe all",N/A,empty,next-token prediction,wikipedia article: Major rivers of the United Kingdom | top1_prob: 0.321
ancient-greek-philosophy-s3-10-ctx,Greek philosophy continued throughout the Hellenistic period and later evolved into Roman philosophy. Greek philosophy has influenced much of Western culture since its,N/A,inception,next-token prediction,wikipedia article: Ancient Greek philosophy | top1_prob: 0.321
woh-saat-din-s37-8-ctx,"When Dr Anand attempts to do this, Maya doesn't allow him to do so. Prem then reaffirms that marriage is a lasting",N/A,bond,next-token prediction,wikipedia article: Woh Saat Din | top1_prob: 0.320
classical-period-music-s33-14-ctx,"Even after 1790, Mozart writes about ""the rehearsal"", with the implication that his concerts would have only one rehearsal. Since there was a greater emphasis on a single melodic line, there was greater",N/A,emphasis,next-token prediction,wikipedia article: Classical period (music) | top1_prob: 0.320
el-clon-s41-11-ctx,"However, the earlier mistakes do not end the love story between Lucas and Jade, and end up reliving a love match. Marisa and Lucas separate, until news of a daughter brings them",N/A,back,next-token prediction,wikipedia article: El clon | top1_prob: 0.480
harry-verran-s5-15-ctx,"As a photographer, he served on HMCS Bonaventure and HMCS Magnificent. Verran won the South West Nova electoral district for the Liberal party in the 1993",N/A,federal,next-token prediction,wikipedia article: Harry Verran | top1_prob: 0.480
baroque-s12-15-ctx,The English word baroque comes directly from the French. Some scholars state that the French word originated from the Portuguese term barroco 'a flawed,N/A,pearl,next-token prediction,wikipedia article: Baroque | top1_prob: 0.480
chojnik-castle-s16-12-ctx,"After Wallenstein's persecution and assassination in 1634 Schaffgotsch as his liegeman was arrested, accused of high treason and executed one year later. Ferdinand II seized his property and had Kynast castle occupied by his",N/A,troops,next-token prediction,wikipedia article: Chojnik Castle | top1_prob: 0.320
debate-on-the-chineseness-of-the-yuan-and-qing-dynasties-s12-9-ctx,"The debate emerged following the 1868 Meiji Restoration in Japan. In their attempt to rationalize the debate, some Japanese",N/A,scholars,next-token prediction,wikipedia article: Debate on the Chineseness of the Yuan and Qing dynasties | top1_prob: 0.320
industrial-revolution-s7-10-ctx,"By the mid-18th century, Britain was the leading commercial nation, with GDP per capita considerably over the world average. The textile industry was the first to use modern production",N/A,methods,next-token prediction,wikipedia article: Industrial Revolution | top1_prob: 0.481
curtis-enterprises-s29-12-ctx,"Although all of the company's films in development were shifted to Curtis Enterprises, Curtleigh Productions remained an active corporation in order to collect previously-established film residuals (percentages of the profits) and to see through the release of Taras Bulba, which had been filmed prior to the couple's separation and would not be released to theaters until December 1962. On June 15, 1962 Leigh filed for divorce in the Santa Monica",N/A,superior,next-token prediction,wikipedia article: Curtis Enterprises | top1_prob: 0.319
touraine-aoc-s5-13-ctx,"The white wines are made from Chenin blanc grapes (known locally as Pineau Blanc de la Loire), and from Sauvignon blanc and Arbois grapes. The white Touraine wines are dry, fairly firm, lively and full, and keep",N/A,well,next-token prediction,wikipedia article: Touraine AOC | top1_prob: 0.481
jazz-rap-s4-12-ctx,"The London club scene in the 1960s and 1970s became a canvas for the rare mixing of Jazz tracks. Such tracks were from the Blue Note catalogue, a collection of American",N/A,jazz,next-token prediction,wikipedia article: Jazz rap | top1_prob: 0.482
qattara-depression-project-s38-14-ctx,A canal 60 meters deep would connect the Mediterranean with the depression's edge at this narrow isthmus. This canal would deliver water to the depression as well as being a shipping,N/A,route,next-token prediction,wikipedia article: Qattara Depression Project | top1_prob: 0.482
history-of-the-middle-east-s3-8-ctx,"The Sumerians, around the 5th millennium BC, were among the first to develop a civilization. By 3150 BC, Egyptian civilization unified under its",N/A,first,next-token prediction,wikipedia article: History of the Middle East | top1_prob: 0.482
biological-anthropology-s17-14-ctx,Paleopathology is the study of disease in antiquity. This study focuses not only on pathogenic conditions observable in bones or mummified soft,N/A,tissue,next-token prediction,wikipedia article: Biological anthropology | top1_prob: 0.482
origin-mathematics-s1-9-ctx,"In mathematics, the origin of a Euclidean space is a special point, usually denoted by the letter O, used as a fixed point of reference for the geometry of the surrounding space. In physical problems, the choice of origin is often",N/A,arbitrary,next-token prediction,wikipedia article: Origin (mathematics) | top1_prob: 0.317
exploration-s14-15-ctx,"While the Age of Discovery was partly driven by land routes outside of Europe becoming unsafe, and a desire for conquest, the 17th century also saw exploration driven by nobler motives, including scientific discovery and the expansion of knowledge about the world. This broader knowledge of the world's geography meant that people were able to make world",N/A,maps,next-token prediction,wikipedia article: Exploration | top1_prob: 0.483
cinema-of-india-s2-8-ctx,"Indian cinema is made up of various film industries, each focused on producing films in a specific language, such as Hindi, Telugu, Tamil, Malayalam, Kannada, Bengali, Marathi, Gujarati, Punjabi, Bhojpuri, Assamese, Odia and others. Major centres of film production across the country",N/A,include,next-token prediction,wikipedia article: Cinema of India | top1_prob: 0.483
exoplanet-s26-10-ctx,"An exoplanet was defined by the following criteria: Objects with true masses below the limiting mass for thermonuclear fusion of deuterium (currently calculated to be 13 Jupiter masses for objects of solar metallicity) that orbit stars or stellar remnants are ""planets"" (no matter how they formed). The minimum mass/size required for an extrasolar object to be",N/A,considered,next-token prediction,wikipedia article: Exoplanet | top1_prob: 0.317
impressionism-s13-13-ctx,"The Impressionists found that they could capture the momentary and transient effects of sunlight by painting outdoors or en plein air. They portrayed overall visual effects instead of details, and used short ""broken"" brush",N/A,strokes,next-token prediction,wikipedia article: Impressionism | top1_prob: 0.483
jane-wilhelms-s8-10-ctx,Barsky. Her dissertation was Graphical Simulation of the Motion of Articulated,N/A,bodies,next-token prediction,wikipedia article: Jane Wilhelms | top1_prob: 0.316
mooring-oceanography-s9-11-ctx,"The conventional approach is to use the Argos System. Alternatively, some use the commercial Iridium satellite system, which allows higher",N/A,data,next-token prediction,wikipedia article: Mooring (oceanography) | top1_prob: 0.316
southern-africa-s23-8-ctx,"In terms of natural resources, the region has the world's largest resources of platinum and the platinum group elements, chromium, vanadium, and cobalt, as well as uranium, gold, copper, titanium, iron, manganese, silver, beryllium, and diamonds. Southern Africa is set apart from other Sub-Saharan",N/A,african,next-token prediction,wikipedia article: Southern Africa | top1_prob: 0.316
eid-church-rauma-s5-9-ctx,The church seats about 190 people. The earliest existing historical records of the church date,N/A,back,next-token prediction,wikipedia article: Eid Church (Rauma) | top1_prob: 0.485
henry-grinnell-s9-15-ctx,"House of Representatives for Massachusetts) and Preserved Fish in Fish, Grinnell & Company. A few years later, with the addition of Henry's brother-in-law, Robert Bowne Minturn, the firm",N/A,became,next-token prediction,wikipedia article: Henry Grinnell | top1_prob: 0.315
mircea-dr-gan-s4-10-ctx,"Two years later, his film Lupeni 29 was entered into the 3rd Moscow International Film Festival and it also won the Silver Prize. He was a member of the jury at the 4th",N/A,moscow,next-token prediction,wikipedia article: Mircea Drăgan | top1_prob: 0.485
biological-anthropology-s5-13-ctx,Bioarchaeology is the study of past human cultures through examination of human remains recovered in an archaeological context. The examined human remains are usually limited to bones but may include preserved,N/A,soft,next-token prediction,wikipedia article: Biological anthropology | top1_prob: 0.315
california-coast-ranges-s46-12-ctx,"The highest point of the Southern Coast Ranges is Junipero Serra Peak in the Santa Lucia Range, at 5,862 feet (1,787 m). Other peaks include Mount Diablo at 3,849 feet (1,173 m), and Mount",N/A,hamilton,next-token prediction,wikipedia article: California Coast Ranges | top1_prob: 0.485
jason-project-s6-13-ctx,"Robert Ballard, the oceanographer who discovered the wreck of the RMS Titanic. The JASON Foundation for Education was founded in 1990 as a 501(c)(3) non-profit",N/A,organization,next-token prediction,wikipedia article: JASON Project | top1_prob: 0.486
ancient-greece-s9-12-ctx,"Classical Greek culture, especially philosophy, had a powerful influence on ancient Rome, which carried a version of it throughout the Mediterranean and much of Europe. For this reason, Classical Greece is generally considered the cradle of Western",N/A,civilization,next-token prediction,wikipedia article: Ancient Greece | top1_prob: 0.486
hospital-of-st-mary-magdalene-bawtry-s1-8-ctx,"The Hospital of St Mary Magdalene, Bawtry was a charity established in Bawtry in the thirteenth century. The surviving chapel building is now a masonic",N/A,lodge,next-token prediction,"wikipedia article: Hospital of St Mary Magdalene, Bawtry | top1_prob: 0.486"
six-dynasties-s15-13-ctx,The period established social and political patterns which shaped China's history from that point on. Chinese sovereign Dynasties of China History of China Nanjing (Nanking) Three Kingdoms Jin,N/A,dynasty,next-token prediction,wikipedia article: Six Dynasties | top1_prob: 0.487
chemical-genetics-s9-15-ctx,"Chemical genetic screens are performed using libraries of small molecules that have known activities or simply diverse chemical structures. These screens can be done in a high-throughput mode, using 96 well-plates, where each well",N/A,contains,next-token prediction,wikipedia article: Chemical genetics | top1_prob: 0.487
world-war-ii-s2-11-ctx,"Nearly all of the world's countries participated. Tanks and aircraft played major roles, the latter enabling the strategic",N/A,bombing,next-token prediction,wikipedia article: World War II | top1_prob: 0.487
italian-renaissance-s10-14-ctx,"Renaissance culture later spread to Venice, the heart of a Mediterranean empire controlling trade routes with the east since its participation in the Crusades and following the journeys of Marco Polo between 1271 and 1295. Thus Italy renewed contact with the remains of ancient Greek culture, which provided humanist",N/A,scholars,next-token prediction,wikipedia article: Italian Renaissance | top1_prob: 0.313
billy-hulen-s13-13-ctx,Hulen played for and managed various minor league teams from 1900 to 1913. He managed future Hall of Famer Joe Tinker in 1900 and later recommended,N/A,tinker,next-token prediction,wikipedia article: Billy Hulen | top1_prob: 0.488
chulayarnnon-siriphol-s19-8-ctx,"The name of this system pays tribute to ANGSUMALIN, a fictional character from the Thai novel ""Khu Kam"" by Thommayanti, known for embodying traits of integrity, loyalty, and patriotism. Shadow Dancing: Where Can We Find a Silver",N/A,lining,next-token prediction,wikipedia article: Chulayarnnon Siriphol | top1_prob: 0.312
the-end-of-power-s2-9-ctx,"The book's overall theme points out while it is becoming easier to get power, it is also becoming harder to use it to control others and harder to keep it once you have it. Naim suggests that globalization, economic growth, a growing global",N/A,middle,next-token prediction,wikipedia article: The End of Power | top1_prob: 0.488
philosophy-politics-and-economics-s32-9-ctx,"Oxford now has more than 600 undergraduates studying the subject, admitting over 200 each year. Oxford PPE graduate Nick Cohen and former tutor Iain",N/A,mclean,next-token prediction,"wikipedia article: Philosophy, politics and economics | top1_prob: 0.312"
history-of-chess-s9-10-ctx,"The 20th century saw great leaps forward in chess theory and the establishment of the World Chess Federation. In 1997, an IBM supercomputer beat Garry Kasparov, the then",N/A,world,next-token prediction,wikipedia article: History of chess | top1_prob: 0.312
world-war-ii-s24-11-ctx,"World War II transformed the political, economic, and social structures of the world, and established the foundation of international relations for the rest of the 20th century and into the 21st century. The United Nations was created to foster international cooperation and prevent",N/A,future,next-token prediction,wikipedia article: World War II | top1_prob: 0.488
loto-tonga-soka-centre-s12-12-ctx,"The groundbreaking ceremony on the site was held on 17 August 2022. By November, construction of the stadium had begun with local company Dexing",N/A,construction,next-token prediction,wikipedia article: Loto-Tonga Soka Centre | top1_prob: 0.312
void-astronomy-s5-9-ctx,"Voids typically have a diameter of 10 to 100 megaparsecs (30 to 300 million light-years); particularly large voids, defined by the absence of rich superclusters, are sometimes called supervoids. They were first discovered in 1978 in a pioneering",N/A,study,next-token prediction,wikipedia article: Void (astronomy) | top1_prob: 0.489
debate-on-the-chineseness-of-the-yuan-and-qing-dynasties-s16-13-ctx,"Furthermore, to serve Japanese political agenda, some Japanese academics and politicians like Yano Jinichi and Ishiwara Kanji made a distinction between ""China"" and the ""Qing dynasty""; and separated Manchuria, Inner Mongolia, and Outer Mongolia from the territorial scope of ""China"" in their rhetoric to justify the Continental Policy and the Japanese invasion of China. Whereas there were many regimes in Chinese history that were ruled by non-Han",N/A,chinese,next-token prediction,wikipedia article: Debate on the Chineseness of the Yuan and Qing dynasties | top1_prob: 0.489
history-of-sport-in-australia-s24-9-ctx,Victorian rules football (later known as Australian rules football) was codified in 1859. Australian football clubs still around in the current Australian,N/A,football,next-token prediction,wikipedia article: History of sport in Australia | top1_prob: 0.490
set-theory-music-s10-11-ctx,"Moreover, musical set theory is more closely related to group theory and combinatorics than to mathematical set theory, which concerns itself with such matters as, for example, various sizes of infinitely large sets. In combinatorics, an unordered subset of n objects, such as pitch",N/A,classes,next-token prediction,wikipedia article: Set theory (music) | top1_prob: 0.310
dissolution-of-the-ottoman-empire-s21-11-ctx,"The Treaty of Balta Liman (1838) with Great Britain ""will abolish all monopolies, allow British merchants and their collaborators to have full access to all Ottoman markets and will be taxed equally to local merchants"". Thus English manufacturers could sell their products cheaply in the Ottoman",N/A,empire,next-token prediction,wikipedia article: Dissolution of the Ottoman Empire | top1_prob: 0.491
debate-on-the-chineseness-of-the-yuan-and-qing-dynasties-s20-15-ctx,"Both polities have always officially denied that the Yuan and Qing dynasties were foreign dynasties; including the first (provisional) president of the Republic of China Sun Yat-sen, who changed his stance from Han chauvinism to Chinese nationalism with the Han people as the center by embracing a multi-ethnic China because he saw the great risk of establishing a Han Chinese nation-state. Denying the ""Chineseness"" of the Yuan and Qing dynasties threatens legal basis for the territorial",N/A,integrity,next-token prediction,wikipedia article: Debate on the Chineseness of the Yuan and Qing dynasties | top1_prob: 0.309
human-skin-color-s15-10-ctx,Natural skin color can also darken as a result of tanning due to exposure to sunlight. The leading theory is that skin color adapts to intense,N/A,sunlight,next-token prediction,wikipedia article: Human skin color | top1_prob: 0.309
national-museum-of-egyptian-civilization-s8-12-ctx,"The collections will be taken from other Egyptian museums such as the Egyptian Museum, the Coptic Museum, the Museum of Islamic Art, the Manial Palace and Museum in Cairo, and the Royal Jewelry Museum in Alexandria. The main gallery helps visitors obtain an integrated idea of the Egyptian",N/A,civilization,next-token prediction,wikipedia article: National Museum of Egyptian Civilization | top1_prob: 0.309
somatic-psychology-s31-9-ctx,"Psychological effects such as anxiety, depression and disorders such as post-traumatic stress disorder (PTSD) can be triggered as well by the constant stress response of the body. To help patients with those mental and physical health",N/A,issues,next-token prediction,wikipedia article: Somatic psychology | top1_prob: 0.308
list-of-programs-broadcast-by-abs-cbn-sports-and-action-s16-11-ctx,"Kokietgym; Marvin Sonsona vs. Akifumi Shimoda (February 23, 2014) The Masters (2002-2013, 2014-2019) (under Fox",N/A,sports,next-token prediction,wikipedia article: List of programs broadcast by ABS-CBN Sports and Action | top1_prob: 0.493
enterprise-architecture-s31-10-ctx,"The first use of the term ""enterprise architecture"" is often incorrectly attributed to John Zachman's 1987 A framework for information systems architecture. The first publication to use it was instead a National",N/A,institute,next-token prediction,wikipedia article: Enterprise architecture | top1_prob: 0.307
2001-milan-municipal-election-s7-8-ctx,"On the other side, moreover weakened by the national government's extreme unpopularity, the centre-left coalition was unable to find a way to fit into this system of power. As Albertini decided to conduct a low profile",N/A,campaign,next-token prediction,wikipedia article: 2001 Milan municipal election | top1_prob: 0.307
somatic-psychology-s8-10-ctx,"Studying the relationship between the body and the psyche, meaning mind, soul or spirit, is an ancient practice. In the West, systematic study and debate about the body-mind",N/A,relationship,next-token prediction,wikipedia article: Somatic psychology | top1_prob: 0.493
eid-church-rauma-s19-14-ctx,The pulpit in the present church dates from 1668 and rises through the right part of the chancel opening. It originally was part of the previous church and was moved into the new,N/A,church,next-token prediction,wikipedia article: Eid Church (Rauma) | top1_prob: 0.494
richy-ahmed-s5-8-ctx,"His music releases include ""The Drums"", which was named Pete Tong's Essential New Tune and more recently Sneaky Acid EP for Hot Creations' 50th release. Ahmed has joined the roster of artists taking",N/A,part,next-token prediction,wikipedia article: Richy Ahmed | top1_prob: 0.306
morphology-linguistics-s2-13-ctx,"Most approaches to morphology investigate the structure of words in terms of morphemes, which are the smallest units in a language with some independent meaning or grammatical function. Morphemes include roots that can exist as words by themselves, but also categories",N/A,such,next-token prediction,wikipedia article: Morphology (linguistics) | top1_prob: 0.306
mcquiggin-v-perkins-s23-15-ctx,"From 1997 to 2003, Perkins obtained three affidavits which he claimed would prove his innocence; however, he did not file a habeas corpus appeal until 2008. Under the Antiterrorism and Effective Death Penalty Act of 1996 (AEDPA), a state prisoner has",N/A,one,next-token prediction,wikipedia article: McQuiggin v. Perkins | top1_prob: 0.494
cecilie-fiskerstrand-s18-11-ctx,"On 19 June 2023, she was included in the 23-player Norwegian squad for the 2023 FIFA Women's World Cup. On 16 June 2025, Fiskerstrand was called up to the Norway",N/A,squad,next-token prediction,wikipedia article: Cecilie Fiskerstrand | top1_prob: 0.494
the-voice-russian-tv-series-season-3-s3-14-ctx,"Dima Bilan, Pelageya, Alexander Gradsky, and Leonid Agutin returned as the coach's for their third seasons. Alexandra Vorobyova was announced the winner on December 26, 2014, marking Alexander Gradsky's third",N/A,win,next-token prediction,wikipedia article: The Voice (Russian TV series) season 3 | top1_prob: 0.305
lucius-arruntius-stella-s9-11-ctx,"Statius wrote an epithalamium, or a marriage poem, for Stella. It is from this work we learn the identity of his",N/A,wife,next-token prediction,wikipedia article: Lucius Arruntius Stella | top1_prob: 0.305
yuan-dynasty-s26-9-ctx,"Some scholars believe that 1260 was the year that the Yuan dynasty emerged with the proclamation of a reign title following the collapse of the unified Mongol Empire. The Yuan dynasty is sometimes also called the ""Mongol",N/A,dynasty,next-token prediction,wikipedia article: Yuan dynasty | top1_prob: 0.305
fauna-of-the-amazon-rainforest-s2-15-ctx,"To date, there are at least 40,000 different types of plants, 427 types of mammals, 1,300 types of birds, 378 types of reptiles, more than 400 types of amphibians, and around 3,000 types of freshwater fish known to be living in the Amazon. The Amazon rainforest covers 6.7 million square kilometre, accounting for over 40% of the planet's",N/A,remaining,next-token prediction,wikipedia article: Fauna of the Amazon rainforest | top1_prob: 0.305
elizabeth-burchenal-s20-8-ctx,"Ward Crampton) Folk Dances and Singing Games (3 vol., 1909, 1922) ""Athletics for Girls"" (1909, with Jennie Bradley Roessing) Dances of the People (1913) Folk Dances of Denmark (1915) American Country Dances (1917) ""A Constructive Program of Athletics for School Girls: Policy, Method and Activities"" (1919) Folk Dances from Old Homelands (1922) Folk-dancing as a Popular Recreation: A Handbook (1922) National Dances of Ireland (1925) Three Old American Quadrilles (1926) Four Folk Games from Sweden, Finland, Czechoslovakia (1928) Five Folk Dances (1929) Folk Dances of Germany (1938) ""Folk Dances of the United States: Regional Types and Origins"" (1951) Burchenal died in 1959, probably in her eighties, in Brooklyn. Silent footage of Elizabeth Burchenal leading a large",N/A,group,next-token prediction,wikipedia article: Elizabeth Burchenal | top1_prob: 0.495
void-astronomy-s8-11-ctx,"Voids are believed to have been formed by baryon acoustic oscillations in the Big Bang, collapses of mass followed by implosions of the compressed baryonic matter. Starting from initially small anisotropies from quantum fluctuations in the early",N/A,universe,next-token prediction,wikipedia article: Void (astronomy) | top1_prob: 0.496
aslan-band-s32-13-ctx,"The album went platinum within three weeks and remained in the top ten for eight weeks. Towards the end of 1999 Aslan sold out Ireland's largest indoor venue (9,000",N/A,capacity,next-token prediction,wikipedia article: Aslan (band) | top1_prob: 0.496
rural-municipality-of-mount-pleasant-no-2-s1-15-ctx,The Rural Municipality of Mount Pleasant No. 2 (2016 population: 414) is a rural municipality (RM) in the Canadian province of Saskatchewan,N/A,within,next-token prediction,wikipedia article: Rural Municipality of Mount Pleasant No. 2 | top1_prob: 0.496
climate-change-mitigation-s20-11-ctx,"Fossil fuel subsidies can be eliminated in favour of clean energy subsidies, and incentives offered for installing energy efficiency measures or switching to electric power sources. The first global carbon tax has been proposed by the United",N/A,nations,next-token prediction,wikipedia article: Climate change mitigation | top1_prob: 0.497
darius-stills-s19-9-ctx,"His brother Dante played alongside him at West Virginia and now plays defensive line for the Arizona Cardinals. Their father, Gary, played in the NFL for 10",N/A,years,next-token prediction,wikipedia article: Darius Stills | top1_prob: 0.497
climate-change-s30-11-ctx,"Scientists used the term inadvertent climate modification to refer to human impacts on the climate at this time. In the 1980s, the terms global warming and climate change became",N/A,more,next-token prediction,wikipedia article: Climate change | top1_prob: 0.303
impressionism-s29-9-ctx,"Using an eclectic mix of techniques and formulas established in Western painting since the Renaissance, such as linear perspective and figure types derived from Classical Greek art, these artists produced escapist visions of a reassuringly ordered world. By the 1850s, some artists, notably the Realist painter",N/A,gustave,next-token prediction,wikipedia article: Impressionism | top1_prob: 0.303
handover-gifts-museum-of-macao-s8-10-ctx,The auditorium is located on the third floor. The museum exhibits auspicious gifts given by the 56 ethnic,N/A,groups,next-token prediction,wikipedia article: Handover Gifts Museum of Macao | top1_prob: 0.497
list-of-rivers-of-pakistan-s9-9-ctx,"Several times, but not continuously, it carried the water of the Sutlej during the Bronze Age period. Many settlements of the Indus Valley civilisation have been",N/A,found,next-token prediction,wikipedia article: List of rivers of Pakistan | top1_prob: 0.497
climate-change-s49-10-ctx,Around 1850 thermometer records began to provide global coverage. Between the 18th century and 1970 there was little net,N/A,warming,next-token prediction,wikipedia article: Climate change | top1_prob: 0.498
charlie-bosbury-s8-12-ctx,"Described as able to ""beat a man and centre on the run ... capable of cutting in and shooting with deadly effect"", Bosbury scored 33",N/A,goals,next-token prediction,wikipedia article: Charlie Bosbury | top1_prob: 0.301
biological-anthropology-s5-11-ctx,Bioarchaeology is the study of past human cultures through examination of human remains recovered in an archaeological context. The examined human remains are usually limited to bones but may,N/A,include,next-token prediction,wikipedia article: Biological anthropology | top1_prob: 0.499
behavioural-genetics-s9-13-ctx,"Further, most researched human behaviours are influenced by a very large number of genes and the individual effects of these genes are very small. Environmental influences also play a strong role, but they tend to make family",N/A,members,next-token prediction,wikipedia article: Behavioural genetics | top1_prob: 0.300
rosa-tavarez-s13-8-ctx,"Among the most important were the exhibitions at the Museum of Modern Art in Santo Domingo in 1982 (The Idols) and 2001 (Echoes of the Ecological Cry); the 1993 Series Wounded Geometry; Enigmas, prints and drawings exhibited at the Museum of Art and History of San Juan, Puerto Rico in 1988. She has also participated in important international exhibitions",N/A,such,next-token prediction,wikipedia article: Rosa Tavarez | top1_prob: 0.300
o-brien-nineteen-eighty-four-s1-15-ctx,"O'Brien is a fictional character and the main antagonist in George Orwell's 1949 novel Nineteen Eighty-Four. The protagonist Winston Smith, living in a dystopian society governed by the Party, feels strangely",N/A,drawn,next-token prediction,wikipedia article: O'Brien (Nineteen Eighty-Four) | top1_prob: 0.501
polesie-voivodeship-s21-11-ctx,"Most of it consisted of the Polesie swamp - a flat, vast, sparsely inhabited area, with several rivers and streams. Access to some villages and hamlets required boats, especially in early",N/A,spring,next-token prediction,wikipedia article: Polesie Voivodeship | top1_prob: 0.501
theoretical-computer-science-s16-11-ctx,"Starting from an initial state and initial input (perhaps empty), the instructions describe a computation that, when executed, proceeds through a finite number of well-defined successive states, eventually producing ""output"" and terminating at a final ending state. The transition from one state to the next is not necessarily",N/A,deterministic,next-token prediction,wikipedia article: Theoretical computer science | top1_prob: 0.299
byzantine-empire-s12-11-ctx,"A plague began around 541, and a prolonged warfare with Persia placed fiscal and military strain on the empire, contributing to political and strategic challenges in the decades that followed. In the 630s and 640s the Arab conquests defeated Byzantine field",N/A,armies,next-token prediction,wikipedia article: Byzantine Empire | top1_prob: 0.501
climate-change-denial-s35-8-ctx,"But virtually all deniers have falsely branded themselves as skeptics. By perpetrating this misnomer, journalists have granted undeserved",N/A,credibility,next-token prediction,wikipedia article: Climate change denial | top1_prob: 0.298
deborah-chancellor-s12-13-ctx,"In 2012 Chancellor was part of the Newnham College, Cambridge, team that took part in a special Christmas edition of University Challenge. From 2009-2011 Chancellor was a fellow of the Royal Literary Fund at Newnham",N/A,college,next-token prediction,wikipedia article: Deborah Chancellor | top1_prob: 0.502
list-of-solar-system-objects-by-size-s6-13-ctx,"Solar System objects more massive than 1021 kilograms are known or expected to be approximately spherical. Astronomical bodies relax into rounded shapes (spheroids), achieving hydrostatic equilibrium, when their own",N/A,gravity,next-token prediction,wikipedia article: List of Solar System objects by size | top1_prob: 0.502
chand-grehan-s4-8-ctx,"Chand Grehan centres on the tension between political influence and social class. Shehrbano (Huma Nawab), a woman from a wealthy",N/A,family,next-token prediction,wikipedia article: Chand Grehan | top1_prob: 0.502
ancient-greek-religion-s18-8-ctx,"While being immortal, the gods were certainly not all-good or even all-powerful. They had to obey fate, known to Greek",N/A,mythology,next-token prediction,wikipedia article: Ancient Greek religion | top1_prob: 0.298
mooring-oceanography-s21-9-ctx,"The energy to move is ""free"" in the sense that wave energy is harnessed to move the prawler upwards by ratcheting, and prawler simply falls downward with gravity. Similar to a kite in the wind, the mooring",N/A,line,next-token prediction,wikipedia article: Mooring (oceanography) | top1_prob: 0.296
linguistics-s12-8-ctx,"Linguistics is also related to the philosophy of language, stylistics, rhetoric, semiotics, lexicography, and translation. Historical linguistics is the study of how language",N/A,changes,next-token prediction,wikipedia article: Linguistics | top1_prob: 0.504
aslan-band-s45-13-ctx,"The band played yet another headlining gig at the Point Theatre on 27 December 2005. The band helped write and perform ""How Can I Protect You"", the tenth",N/A,track,next-token prediction,wikipedia article: Aslan (band) | top1_prob: 0.296
british-empire-s25-8-ctx,"Despite the final victory of Britain and its allies, the damage to British prestige and the British economy helped accelerate the decline of the empire. India, Britain's most valuable and populous possession, achieved",N/A,independence,next-token prediction,wikipedia article: British Empire | top1_prob: 0.504
dmytro-sula-s4-10-ctx,"Sula was the author of the first goal for Metalist 1925 Kharkiv in the Ukrainian First League. In December 2018, Sula signed for Inhulets Petrove, becoming their",N/A,first,next-token prediction,wikipedia article: Dmytro Sula | top1_prob: 0.295
2018-world-seniors-championship-s1-8-ctx,"The 2018 World Seniors Championship was a snooker tournament, taking place at the Baths Hall in Scunthorpe, England, from 21 to 24 March 2018. Qualifying for the tournament was open to non-tour",N/A,players,next-token prediction,wikipedia article: 2018 World Seniors Championship | top1_prob: 0.505
list-of-sultans-of-the-ottoman-empire-s9-10-ctx,The partitioning of the Empire by the victorious Allies and the ensuing Turkish War of Independence led to the abolition of the sultanate in 1922 and the birth of the modern Republic of Turkey in 1922. The sultan was also referred to as the padishah (Ottoman,N/A,turkish,next-token prediction,wikipedia article: List of sultans of the Ottoman Empire | top1_prob: 0.506
succession-to-the-byzantine-empire-s26-14-ctx,"As the successor of the ancient Roman emperors, the power of the Byzantine emperor (officially titled the ""Emperor of the Romans""; in later times the ""Emperor and Autocrat of the Romans"") was nearly absolute; being the supreme judge, the sole legitimate legislator, the highest military commander and the protector of the Christian church. In Ancient Rome, before Christianization, the emperors were proclaimed as divine figures in their",N/A,own,next-token prediction,wikipedia article: Succession to the Byzantine Empire | top1_prob: 0.294
indonesian-literature-s3-8-ctx,The term is also used to refer more broadly to literature produced in areas with common language roots based on the Malay language (of which Indonesian is one scion). This would extend the reach to the Maritime,N/A,southeast,next-token prediction,wikipedia article: Indonesian literature | top1_prob: 0.506
island-country-s11-10-ctx,"Similarly, Madagascar's population is the result of early maritime migrations from both Southeast Asia and East Africa, resulting in a unique cultural and genetic blend that reflects the island's strategic location in the Indian Ocean trade routes. The Age of Discovery in the 15th century brought European",N/A,explorers,next-token prediction,wikipedia article: Island country | top1_prob: 0.293
industrial-revolution-s32-8-ctx,"The commencement of the Industrial Revolution is closely linked to a small number of innovations, beginning in the second half of the 18th century. By the 1830s, the following gains had been",N/A,made,next-token prediction,wikipedia article: Industrial Revolution | top1_prob: 0.507
woh-saat-din-s10-8-ctx,"Dr. Anand (played by Naseeruddin Shah), Maya's husband, finds",N/A,out,next-token prediction,wikipedia article: Woh Saat Din | top1_prob: 0.293
jazz-fusion-s39-9-ctx,"Jack Johnson (1971) has been cited as ""the purest electric jazz record ever made"" and ""one of the most remarkable jazz rock discs of the era"". Herbie Hancock brought elements of funk, disco, and electronic",N/A,music,next-token prediction,wikipedia article: Jazz fusion | top1_prob: 0.507
artificial-intelligence-s16-13-ctx,The traits described below have received the most attention and cover the scope of AI research. Early researchers developed algorithms that imitated step-by-step reasoning that humans use when they,N/A,solve,next-token prediction,wikipedia article: Artificial intelligence | top1_prob: 0.293
desert-ecology-s24-15-ctx,"Dust clouds commonly form in windy, arid climates. Scientists have previously theorised that desert dust clouds would enhance rainfall, however, some more recent",N/A,studies,next-token prediction,wikipedia article: Desert ecology | top1_prob: 0.508
history-of-science-fiction-s12-10-ctx,"That is The Epic of Gilgamesh."" French science fiction writer Pierre Versins also argued that Gilgamesh was the first science fiction work due to its treatment of human reason and the quest for immortality. In addition, Gilgamesh features a flood scene that in some",N/A,ways,next-token prediction,wikipedia article: History of science fiction | top1_prob: 0.292
chulayarnnon-siriphol-s6-9-ctx,"Chulayarnnon has received a Bachelor of Fine Arts from King Mongkut's Institute of Technology Ladkrabang and a Master of Fine Arts from Silpakorn University, both located in Bangkok, Thailand. His work has been included in large-scale international art",N/A,exhibitions,next-token prediction,wikipedia article: Chulayarnnon Siriphol | top1_prob: 0.508
justin-moore-basketball-s9-10-ctx,Winning the 2019 EYBL Nike Peach Jam. Moore was additionally invited to play in the 2019 Nike,N/A,hoop,next-token prediction,wikipedia article: Justin Moore (basketball) | top1_prob: 0.292
the-cambridge-medieval-history-s42-8-ctx,"VI: Victory of the Papacy, 1929. ""This volume contains a general introduction, thirteen narrative",N/A,chapters,next-token prediction,wikipedia article: The Cambridge Medieval History | top1_prob: 0.509
software-architecture-s10-13-ctx,"Note that synchronous communication between architectural components, entangles them and they must share the same architectural characteristics. Documenting software architecture facilitates communication between stakeholders, captures early decisions about the high-level",N/A,design,next-token prediction,wikipedia article: Software architecture | top1_prob: 0.291
bankart-repair-s3-12-ctx,"The procedure is named for the Bankart lesion, a common name for the condition it addresses. The condition was named for British surgeon Arthur Sydney Blundell Bankart, who",N/A,first,next-token prediction,wikipedia article: Bankart repair | top1_prob: 0.291
golden-gate-girls-s21-8-ctx,"Louisa Wei reveals to China Daily's Chitralekha Basu, is the ninth and re-titled Golden Gate Girls in English. It was invited to over a dozen international",N/A,film,next-token prediction,wikipedia article: Golden Gate Girls | top1_prob: 0.509
ancient-rome-s30-11-ctx,"Long after the abolition of the Roman monarchy, a vestigial rex sacrorum was retained to exercise the monarch's former priestly functions. The Romans believed that their monarchy was elective, with seven legendary",N/A,kings,next-token prediction,wikipedia article: Ancient Rome | top1_prob: 0.509
sociology-s20-11-ctx,Khaldun's Muqaddimah was considered to be amongst the first works to advance social-scientific reasoning on social cohesion and social conflict. The word sociology derives part of its name from the Latin,N/A,word,next-token prediction,wikipedia article: Sociology | top1_prob: 0.509
wales-autism-research-centre-s4-12-ctx,"Professor Sue Leekam is the Centre director and Cardiff University's Autism Chair. The centre's mission is: ""To create positive change for individuals and families",N/A,affected,next-token prediction,wikipedia article: Wales Autism Research Centre | top1_prob: 0.510
world-war-i-s20-15-ctx,"By early November, the Allies had signed armistices with the Ottomans and with Austria-Hungary, leaving Germany isolated. Facing a revolution at home, Kaiser Wilhelm II abdicated on 9 November, and the war",N/A,ended,next-token prediction,wikipedia article: World War I | top1_prob: 0.290
french-revolution-s2-11-ctx,"Many of the revolution's ideas are considered fundamental principles of liberal democracy, and its values remain central to modern French political discourse. It was caused by a combination of social, political, and economic",N/A,factors,next-token prediction,wikipedia article: French Revolution | top1_prob: 0.510
ancient-egypt-s1-12-ctx,Ancient Egypt was a cradle of civilization concentrated along the lower reaches of the Nile River in the eastern corner of North Africa. It emerged from prehistoric Egypt around 3150 BC (according to conventional Egyptian,N/A,chronology,next-token prediction,wikipedia article: Ancient Egypt | top1_prob: 0.510
cinema-of-japan-s10-10-ctx,"As of 2025, the top 16 highest-grossing Japanese films worldwide are all anime, and the top 10 (four of which are by Studio Ghibli) were all released in the 21st century. Although Japanese horror films have been around since the post-war",N/A,era,next-token prediction,wikipedia article: Cinema of Japan | top1_prob: 0.510
shadow-psychology-s2-8-ctx,"The shadow may be personified as archetypes which relate to the collective unconscious, such as the trickster. Carl Jung characterized the shadow as the blind",N/A,spot,next-token prediction,wikipedia article: Shadow (psychology) | top1_prob: 0.511
flight-stakes-united-states-s5-14-ctx,"The owners of Sheepshead Bay Race Track, and other racing facilities in New York State, struggled to stay in business without betting. Racetrack operators had no choice but to drastically reduce the purse money being paid",N/A,out,next-token prediction,wikipedia article: Flight Stakes (United States) | top1_prob: 0.511
medieval-india-s17-10-ctx,"One definition includes the period from the 6th century, the first half of the 7th century, or the 8th century up to the 16th century, essentially coinciding with the Middle Ages of Europe. It may be divided into two periods: The 'early medieval",N/A,period,next-token prediction,wikipedia article: Medieval India | top1_prob: 0.511
history-of-chess-engines-s1-14-ctx,The history of chess began nearly 1500 years ago. The introduction of chess engines around 1960 and permanent improvement over time has made,N/A,chess,next-token prediction,wikipedia article: History of chess engines | top1_prob: 0.289
photovoltaic-system-s31-11-ctx,"About 70 percent of all solar cells and modules are produced in China and Taiwan, only 5 percent by European and US manufacturers. The installed capacity for both small rooftop systems and large solar",N/A,power,next-token prediction,wikipedia article: Photovoltaic system | top1_prob: 0.289
cinema-of-japan-s6-13-ctx,"Japan has also won the Academy Award for Best International Feature Film five times, more than any other Asian country. Anime rose in popularity during the 1980s, with new animated films being released",N/A,every,next-token prediction,wikipedia article: Cinema of Japan | top1_prob: 0.289
early-middle-ages-s23-12-ctx,"However, many bribed the Danube border-guards into allowing them to bring their weapons. The discipline and organization of a Roman legion made it a superb",N/A,fighting,next-token prediction,wikipedia article: Early Middle Ages | top1_prob: 0.512
